year,state_fips,state_name,graduation_rate,per_pupil_spending,per_pupil_spending_2019,median_hh_income,median_hh_income_2019,poverty_rate,poverty_population,poverty_below
2010,1,Alabama,72.0,8725.97101192241,10230.65,40474.0,47453.23,19.03,4666970,888290
2011,1,Alabama,75.0,8576.869771333335,9748.14,41415.0,47070.69,19.04,4687363,892483
2012,1,Alabama,80.0,8772.540782958678,9768.38,41574.0,46293.39,18.96,4706978,892564
2013,1,Alabama,86.3,9036.174200352718,9916.68,42849.0,47024.33,18.73,4716105,883371
2014,1,Alabama,89.3,9146.460735805547,9877.49,42830.0,46253.17,19.25,4727549,910175
2015,1,Alabama,87.1,9257.567687879224,9985.62,44765.0,48285.51,18.5,4736333,876016
2016,1,Alabama,89.3,9527.70292376465,10148.97,46257.0,49273.25,17.09,4741329,810231
2017,1,Alabama,90.0,9716.658875282175,10134.35,48123.0,50191.67,16.89,4752560,802656
2018,1,Alabama,91.7,10106.52825138296,10289.66,49861.0,50764.47,16.8,4763828,800422
2019,1,Alabama,90.6,10140.18446055345,10140.18,51734.0,51734.0,15.46,4781688,739108
2010,2,Alaska,68.0,16663.16057802943,19536.51,64576.0,75711.31,9.94,696822,69279
2011,2,Alaska,70.0,17475.47118558783,19861.95,67825.0,77087.28,10.46,706860,73905
2012,2,Alaska,71.8,18217.1470617314,20285.12,67712.0,75398.52,10.12,715608,72400
2013,2,Alaska,71.1,18465.91085502199,20265.28,72237.0,79275.98,9.33,718359,67016
2014,2,Alaska,75.6,20190.8288101482,21804.57,71583.0,77304.23,11.23,717723,80627
2015,2,Alaska,76.1,17509.92235633355,18886.98,73355.0,79123.94,10.34,720765,74532
2016,2,Alaska,78.2,17837.58383871867,19000.71,76440.0,81424.38,9.89,723968,71566
2017,2,Alaska,78.5,17725.78796887229,18487.77,73181.0,76326.84,11.11,720472,80012
2018,2,Alaska,80.4,18393.05793239312,18726.34,74346.0,75693.13,10.91,720869,78620
2019,2,Alaska,79.1,18313.10043403501,18313.1,75463.0,75463.0,10.08,713725,71938
2010,4,Arizona,78.0,7781.854881404356,9123.74,46789.0,54857.17,17.44,6272686,1094249
2011,4,Arizona,76.0,7383.086411513637,8391.33,46709.0,53087.65,18.99,6336449,1203501
2012,4,Arizona,75.1,7494.629106908124,8345.4,47826.0,53255.1,18.66,6401273,1194506
2013,4,Arizona,75.7,7426.770989936005,8150.46,48510.0,53236.95,18.63,6477191,1206460
2014,4,Arizona,77.4,7590.187653691869,8196.83,50068.0,54069.66,18.24,6573369,1199061
2015,4,Arizona,79.5,7772.177876256597,8383.41,51492.0,55541.54,17.37,6671705,1159043
2016,4,Arizona,78.0,8053.187081755256,8578.31,53558.0,57050.33,16.36,6771098,1107464
2017,4,Arizona,78.7,8372.606504626949,8732.52,56581.0,59013.25,14.86,6856067,1018935
2018,4,Arizona,77.8,8772.758387680156,8931.72,59246.0,60319.52,14.02,7013444,983499
2019,4,Arizona,77.3,8694.369790915835,8694.37,62055.0,62055.0,13.47,7116266,958442
2010,5,Arkansas,81.0,9495.962328411952,11133.42,38307.0,44912.56,18.84,2839798,534898
2011,5,Arkansas,84.0,9536.040390052864,10838.3,38758.0,44050.85,19.46,2856663,555876
2012,5,Arkansas,84.9,9538.41826405873,10621.2,40112.0,44665.42,19.83,2865098,568065
2013,5,Arkansas,86.9,9751.590229377178,10701.81,40511.0,44458.51,19.68,2873340,565469
2014,5,Arkansas,84.9,9804.754396364357,10588.39,41262.0,44559.84,18.87,2882856,543882
2015,5,Arkansas,87.0,9900.217159217444,10678.81,41995.0,45297.66,19.07,2887337,550508
2016,5,Arkansas,88.0,10004.04221729993,10656.37,44334.0,47224.86,17.22,2898630,499225
2017,5,Arkansas,89.2,10167.80989951319,10604.89,45869.0,47840.78,16.4,2916321,478365
2018,5,Arkansas,87.6,10411.53269290175,10600.19,47062.0,47914.75,17.25,2925448,504504
2019,5,Arkansas,88.8,10368.66128224065,10368.66,48952.0,48952.0,16.21,2929117,474739
2010,6,California,76.0,9146.374347372748,10723.55,57708.0,67659.01,15.8,36593372,5783043
2011,6,California,79.0,9220.216166966238,10479.34,57287.0,65110.2,16.56,36941931,6118803
2012,6,California,80.4,9258.49863218239,10309.5,58328.0,64949.26,16.96,37303266,6325319
2013,6,California,81.0,9671.240259872957,10613.63,60190.0,66055.09,16.84,37593091,6328824
2014,6,California,82.0,10448.71098693459,11283.82,61933.0,66882.96,16.45,38060228,6259098
2015,6,California,83.0,11420.47367021103,12318.63,64500.0,69572.55,15.34,38398057,5891678
2016,6,California,82.7,12151.22120105789,12943.56,67739.0,72156.02,14.35,38513258,5525524
2017,6,California,83.0,12664.23808306946,13208.64,71805.0,74891.69,13.3,38793027,5160208
2018,6,California,84.5,13641.0689775782,13888.24,75277.0,76641.0,12.8,38818454,4969326
2019,6,California,84.3,13841.18038468597,13841.18,80440.0,80440.0,11.75,38733295,4552837
2010,8,Colorado,74.0,8786.103598176722,10301.16,54046.0,63365.55,13.37,4934178,659786
2011,8,Colorado,75.0,8594.037505926148,9767.65,55387.0,62950.73,13.48,5002128,674195
2012,8,Colorado,76.9,8693.048746990658,9679.86,56765.0,63208.84,13.71,5069071,694842
2013,8,Colorado,77.3,9035.721406751887,9916.19,58823.0,64554.88,12.96,5151461,667446
2014,8,Colorado,77.3,9291.79464030614,10034.44,61303.0,66202.61,12.04,5237149,630786
2015,8,Colorado,78.9,9618.789916050502,10375.25,63909.0,68935.07,11.49,5339618,613549
2016,8,Colorado,79.1,9849.440847098236,10491.69,65685.0,69968.08,11.05,5420327,598736
2017,8,Colorado,80.8,10238.06052752999,10678.17,69117.0,72088.14,10.29,5483104,564312
2018,8,Colorado,81.1,11072.01478822559,11272.64,71953.0,73256.77,9.64,5577020,537492
2019,8,Colorado,81.9,11646.82635347555,11646.83,77127.0,77127.0,9.35,5637904,526979
2010,9,Connecticut,83.0,16223.53256646199,19021.08,64032.0,75073.51,10.1,3466977,350145
2011,9,Connecticut,85.0,16854.93382837004,19156.67,65753.0,74732.33,10.88,3471802,377856
2012,9,Connecticut,85.5,17320.8838723378,19287.11,67276.0,74913.02,10.69,3484178,372390
2013,9,Connecticut,87.0,18400.65645367997,20193.67,67098.0,73636.22,10.73,3485353,373900
2014,9,Connecticut,87.2,19019.58626662588,20539.72,70048.0,75646.55,10.75,3485629,374772
2015,9,Connecticut,87.4,19614.57541552572,21157.15,71346.0,76956.95,10.54,3480932,366909
2016,9,Connecticut,87.9,19929.37464820844,21228.9,73433.0,78221.3,9.77,3469514,339128
2017,9,Connecticut,88.4,20147.10854376534,21013.17,74168.0,77356.27,9.59,3482584,334128
2018,9,Connecticut,88.5,21140.03831313588,21523.09,76348.0,77731.41,10.42,3468263,361377
2019,9,Connecticut,88.3,20889.13641276328,20889.14,78833.0,78833.0,10.03,3460446,347149
2010,10,Delaware,78.0,12467.28564252761,14617.11,55847.0,65477.11,11.83,874321,103427
2011,10,Delaware,80.0,13580.43458502009,15435.0,58814.0,66845.73,11.88,882353,104831
2012,10,Delaware,80.4,13652.7431525429,15202.57,58415.0,65046.14,12.05,890738,107307
2013,10,Delaware,87.0,13793.18557640466,15137.23,57846.0,63482.68,12.37,900322,111327
2014,10,Delaware,85.6,13881.70984467555,14991.2,59716.0,64488.77,12.48,909611,113508
2015,10,Delaware,85.5,14397.11607970515,15529.37,61255.0,66072.35,12.43,920355,114360
2016,10,Delaware,86.9,14891.89292843304,15862.94,61757.0,65783.95,11.67,926864,108211
2017,10,Delaware,86.9,15281.80430396279,15938.72,62852.0,65553.83,13.58,934947,126986
2018,10,Delaware,89.0,15928.69760485532,16217.32,64805.0,65979.25,12.46,940786,117242
2019,10,Delaware,89.0,16776.79361109126,16776.79,70176.0,70176.0,11.26,944955,106383
2010,12,Florida,71.0,9030.2522778886,10587.41,44409.0,52066.77,16.53,18436788,3047343
2011,12,Florida,75.0,8520.023745238284,9683.53,44299.0,50348.54,17.01,18652057,3173456
2012,12,Florida,75.6,8623.044830511684,9601.91,45040.0,50152.84,17.12,18912479,3238581
2013,12,Florida,76.1,8954.836419376465,9827.42,46036.0,50521.88,17.01,19129950,3253333
2014,12,Florida,77.9,9112.82508422369,9841.16,47463.0,51256.46,16.5,19470210,3211615
2015,12,Florida,80.7,9175.89250399501,9897.52,49426.0,53313.07,15.7,19850054,3116886
2016,12,Florida,82.3,9373.835214611236,9985.07,50860.0,54176.4,14.73,20191342,2973512
2017,12,Florida,86.3,9663.470680237138,10078.88,52594.0,54854.86,14.05,20569920,2889506
2018,12,Florida,87.2,9986.290995009917,10167.24,55462.0,56466.96,13.6,20882651,2840977
2019,12,Florida,90.2,10304.61351825335,10304.61,59227.0,59227.0,12.66,21048884,2664772
2010,13,Georgia,67.0,9258.966260739731,10855.56,46430.0,54436.27,17.88,9446906,1688932
2011,13,Georgia,70.0,9272.097435870046,10538.31,46007.0,52289.78,19.14,9550271,1827743
2012,13,Georgia,71.7,9121.376892467237,10156.82,47209.0,52568.06,19.15,9652596,1848533
2013,13,Georgia,72.5,9235.796607013484,10135.76,47829.0,52489.6,18.97,9720914,1843768
2014,13,Georgia,78.8,9476.126573215312,10233.5,49321.0,53262.95,18.3,9823859,1797969
2015,13,Georgia,79.4,9835.494312946972,10609.0,51244.0,55274.04,17.05,9943145,1694988
2016,13,Georgia,80.6,10273.64915895181,10943.56,53559.0,57051.39,15.97,10040201,1603013
2017,13,Georgia,81.6,10760.22643926809,11222.78,56183.0,58598.14,14.95,10154747,1517702
2018,13,Georgia,82.0,11203.46934589255,11406.47,58756.0,59820.64,14.34,10238658,1468642
2019,13,Georgia,83.8,11685.99565113466,11686.0,61980.0,61980.0,13.3,10332523,1373909
2010,15,Hawaii,80.0,11923.99016152471,13980.13,63030.0,73898.73,10.72,1326373,142185
2011,15,Hawaii,81.0,11972.67563188949,13607.68,61821.0,70263.37,12.05,1338543,161290
2012,15,Hawaii,82.4,11789.80372374973,13128.16,66259.0,73780.57,11.59,1356822,157243
2013,15,Hawaii,81.8,12399.76452830189,13608.03,68020.0,74648.06,10.85,1367662,148368
2014,15,Hawaii,81.6,12854.7250526362,13882.13,69592.0,75154.1,11.36,1379804,156729
2015,15,Hawaii,82.7,13748.27352949257,14829.49,73486.0,79265.24,10.61,1394121,147984
2016,15,Hawaii,82.7,14321.52852106858,15255.38,74511.0,79369.6,9.33,1389442,129569
2017,15,Hawaii,84.5,15241.99600192438,15897.21,77765.0,81107.89,9.55,1388550,132549
2018,15,Hawaii,85.2,16131.68587473384,16423.99,80212.0,81665.42,8.84,1382448,122143
2019,15,Hawaii,86.3,16564.19883702951,16564.2,83102.0,83102.0,9.33,1379078,128722
2010,16,Idaho,,6821.406889026641,7997.67,43490.0,50989.3,15.71,1541860,242272
2011,16,Idaho,,6626.419779685786,7531.33,43341.0,49259.71,16.45,1550082,255027
2012,16,Idaho,,6760.695443661923,7528.15,45489.0,50652.81,15.87,1565511,248494
2013,16,Idaho,77.3,6577.135454471864,7218.03,46783.0,51341.67,15.58,1582911,246550
2014,16,Idaho,78.9,6929.383075785963,7483.21,47861.0,51686.27,14.85,1603083,237981
2015,16,Idaho,79.7,7211.286396124226,7778.41,48275.0,52071.55,15.14,1622116,245551
2016,16,Idaho,79.7,7554.398926648721,8046.99,51807.0,55185.15,14.37,1652592,237445
2017,16,Idaho,80.7,7845.773163427251,8183.04,52225.0,54470.0,12.83,1686491,216309
2018,16,Idaho,80.8,8042.664484319952,8188.4,55583.0,56590.15,11.8,1723154,203264
2019,16,Idaho,82.2,8336.635594800317,8336.64,60999.0,60999.0,11.17,1753946,195984
2010,17,Illinois,84.0,11742.14404678788,13766.93,52972.0,62106.35,13.81,12543457,1731711
2011,17,Illinois,82.0,12011.25151875885,13651.53,53234.0,60503.71,14.96,12566914,1879965
2012,17,Illinois,83.2,12443.25177837191,13855.78,55137.0,61396.03,14.72,12573676,1850562
2013,17,Illinois,86.0,13212.84846066957,14500.35,56210.0,61687.26,14.67,12576680,1845393
2014,17,Illinois,85.6,13935.11971619212,15048.88,57444.0,62035.18,14.35,12571848,1804535
2015,17,Illinois,85.5,14327.43567104961,15454.2,59588.0,64274.25,13.56,12559422,1703258
2016,17,Illinois,87.0,15517.21954855091,16529.04,60960.0,64934.98,12.97,12502057,1621508
2017,17,Illinois,86.5,15912.47685190737,16596.51,62992.0,65699.84,12.55,12503720,1569753
2018,17,Illinois,86.2,16280.58542275143,16575.59,65030.0,66208.33,12.13,12447271,1509247
2019,17,Illinois,,17482.71300223384,17482.71,69187.0,69187.0,11.48,12373209,1420542
2010,18,Indiana,86.0,9251.005494484509,10846.22,44613.0,52305.95,15.3,6294417,962775
2011,18,Indiana,86.0,9587.650506118094,10896.95,46438.0,52779.64,16.0,6318942,1011017
2012,18,Indiana,87.0,9421.411470861914,10490.91,46974.0,52306.38,15.61,6342423,990325
2013,18,Indiana,87.9,9396.102956410488,10311.69,47529.0,52160.36,15.94,6367890,1015127
2014,18,Indiana,87.1,9529.432238745483,10291.07,49446.0,53397.95,15.24,6391460,974218
2015,18,Indiana,86.8,9687.672641310255,10449.55,50532.0,54506.05,14.54,6417418,933181
2016,18,Indiana,83.8,9823.120392893316,10463.65,52314.0,55725.21,14.09,6432804,906077
2017,18,Indiana,88.1,10033.12419143852,10464.42,54181.0,56510.08,13.48,6463636,871247
2018,18,Indiana,87.2,10252.08022403965,10437.85,55746.0,56756.1,13.14,6489261,852638
2019,18,Indiana,90.9,10797.65378524668,10797.65,57603.0,57603.0,11.9,6517430,775823
2010,19,Iowa,88.0,9794.505245322978,11483.44,47961.0,56231.27,12.56,2950251,370507
2011,19,Iowa,89.0,10026.70839736221,11395.97,49427.0,56176.82,12.78,2963602,378864
2012,19,Iowa,89.7,10291.14476466763,11459.37,50957.0,56741.53,12.69,2974225,377484
2013,19,Iowa,90.5,10646.57272289866,11684.01,52229.0,57318.34,12.67,2991670,379127
2014,19,Iowa,90.8,10937.57409001585,11811.75,53712.0,58004.9,12.24,3004857,367816
2015,19,Iowa,91.3,11148.20517151102,12024.95,54736.0,59040.67,12.16,3021823,367414
2016,19,Iowa,91.0,11456.36135307582,12203.39,56247.0,59914.67,11.76,3031338,356378
2017,19,Iowa,91.4,11724.03051675296,12228.01,58570.0,61087.75,10.73,3044685,326636
2018,19,Iowa,91.6,11933.16902762644,12149.4,59955.0,61041.37,11.24,3055939,343504
2019,19,Iowa,91.8,11985.78332727652,11985.78,61691.0,61691.0,11.17,3058938,341613
2010,20,Kansas,83.0,9802.27925929448,11492.56,48257.0,56578.31,13.6,2775355,377530
2011,20,Kansas,85.0,10021.1900729879,11389.7,48964.0,55650.6,13.76,2786855,383467
2012,20,Kansas,85.7,10011.1096324863,11147.55,50241.0,55944.25,13.98,2802207,391734
2013,20,Kansas,85.7,10239.65529771976,11237.44,50972.0,55938.86,13.99,2811722,393358
2014,20,Kansas,85.7,10329.35858428435,11154.93,52504.0,56700.35,13.56,2821431,382712
2015,20,Kansas,85.7,10216.03480451073,11019.47,53906.0,58145.39,13.03,2830943,368879
2016,20,Kansas,86.5,10427.6825448521,11107.63,54935.0,58517.12,12.12,2825864,342544
2017,20,Kansas,87.2,11094.78286339642,11571.72,56422.0,58847.42,11.9,2827376,336487
2018,20,Kansas,87.2,11327.9174235986,11533.18,58218.0,59272.9,11.97,2825680,338175
2019,20,Kansas,88.2,11960.43994031685,11960.44,62087.0,62087.0,11.43,2826818,323189
2010,21,Kentucky,,9227.744833077808,10818.95,40062.0,46970.19,18.98,4215643,800226
2011,21,Kentucky,,9326.861875666247,10600.55,41141.0,46759.28,19.14,4238283,811277
2012,21,Kentucky,86.1,9274.098338069403,10326.87,41724.0,46460.42,19.38,4247103,823197
2013,21,Kentucky,87.5,9411.31233604325,10328.38,43399.0,47627.92,18.77,4266556,800635
2014,21,Kentucky,88.0,9559.83806923792,10323.9,42958.0,46391.4,19.12,4275359,817542
2015,21,Kentucky,88.6,9831.156218048993,10604.32,45215.0,48770.9,18.51,4290022,794055
2016,21,Kentucky,89.7,10083.30873794072,10740.81,46659.0,49701.47,18.47,4298953,794060
2017,21,Kentucky,90.3,11081.28193862357,11557.63,48375.0,50454.5,17.24,4316917,744239
2018,21,Kentucky,90.6,11280.48492153533,11484.88,50247.0,51157.46,16.88,4326305,730408
2019,21,Kentucky,91.1,11370.21745067891,11370.22,52295.0,52295.0,16.26,4326675,703627
2010,22,Louisiana,71.0,10798.95482501098,12661.1,42505.0,49834.45,18.69,4413890,825144
2011,22,Louisiana,72.0,10726.31359843046,12191.11,41734.0,47433.26,20.43,4445400,908375
2012,22,Louisiana,73.5,10539.46695540742,11735.88,42944.0,47818.91,19.95,4471142,891981
2013,22,Louisiana,74.6,10852.51848582765,11910.02,44164.0,48467.47,19.76,4494989,888019
2014,22,Louisiana,77.5,11105.53565290179,11993.14,44555.0,48116.03,19.84,4518525,896524
2015,22,Louisiana,78.6,11168.68682405028,12047.04,45727.0,49323.16,19.6,4541688,889946
2016,22,Louisiana,78.1,11377.62278564777,12119.52,45146.0,48089.81,20.2,4546017,918187
2017,22,Louisiana,81.4,11636.08692904137,12136.29,46145.0,48128.64,19.75,4553037,899039
2018,22,Louisiana,80.1,11920.4784196869,12136.47,47905.0,48773.03,18.63,4529028,843626
2019,22,Louisiana,82.9,12009.04220207506,12009.04,51073.0,51073.0,19.0,4515876,857894
2010,23,Maine,84.0,12576.24163171618,14744.86,45815.0,53715.22,12.93,1293012,167242
2011,23,Maine,85.0,12334.5215511539,14018.94,46033.0,52319.33,14.13,1291650,182448
2012,23,Maine,86.4,12693.82789828738,14134.8,46709.0,52011.3,14.67,1293457,189786
2013,23,Maine,86.5,13267.01054919971,14559.79,46974.0,51551.28,13.96,1293827,180639
2014,23,Maine,87.5,13976.4937972502,15093.56,49462.0,53415.22,14.13,1294009,182791
2015,23,Maine,87.0,14202.17351731429,15319.09,51494.0,55543.7,13.35,1292996,172620
2016,23,Maine,86.9,14632.93280779117,15587.09,53079.0,56540.09,12.48,1295971,161749
2017,23,Maine,86.7,15069.4045923767,15717.19,56277.0,58696.19,11.07,1301216,144012
2018,23,Maine,87.4,15685.733532453,15969.96,55602.0,56609.5,11.64,1301941,151541
2019,23,Maine,87.4,16067.10449772867,16067.1,58924.0,58924.0,10.87,1304100,141803
2010,24,Maryland,83.0,13946.46730680547,16351.36,68854.0,80727.0,9.87,5643821,557140
2011,24,Maryland,84.0,13875.22326206026,15770.04,70004.0,79563.85,10.06,5685412,571887
2012,24,Maryland,85.0,14085.63335962347,15684.6,71122.0,79195.61,10.28,5744445,590803
2013,24,Maryland,86.4,14217.14054532083,15602.5,72483.0,79545.95,10.12,5788159,585571
2014,24,Maryland,87.0,14430.9136560421,15584.3,73971.0,79883.09,10.11,5835377,589818
2015,24,Maryland,87.6,14522.56511645621,15664.68,75847.0,81811.92,9.73,5863290,570776
2016,24,Maryland,87.7,14932.6057371694,15906.31,78945.0,84092.72,9.66,5875026,567715
2017,24,Maryland,87.1,15154.81301332462,15806.27,80776.0,84248.33,9.28,5915309,549171
2018,24,Maryland,86.9,15575.74860257329,15857.98,83242.0,84750.33,8.95,5899819,528203
2019,24,Maryland,86.8,15925.50337143888,15925.5,86738.0,86738.0,9.02,5898360,532241
2010,25,Massachusetts,83.0,14611.66430261532,17131.26,62072.0,72775.53,11.45,6333611,725143
2011,25,Massachusetts,85.0,14843.84242197932,16870.94,62859.0,71443.12,11.6,6367148,738514
2012,25,Massachusetts,85.0,15320.81266227679,17060.0,65339.0,72756.14,11.89,6414762,762645
2013,25,Massachusetts,86.1,15886.15563035515,17434.15,66768.0,73274.07,11.93,6456530,770513
2014,25,Massachusetts,87.3,16449.98260280966,17764.74,69160.0,74687.58,11.63,6509672,757235
2015,25,Massachusetts,87.5,16985.71989448417,18321.55,70628.0,76182.48,11.47,6558724,752071
2016,25,Massachusetts,88.3,17717.87828896211,18873.2,75297.0,80206.85,10.44,6574249,686597
2017,25,Massachusetts,87.8,18327.9675380471,19115.83,77385.0,80711.56,10.45,6622444,692201
2018,25,Massachusetts,88.0,19195.65110147907,19543.47,79835.0,81281.59,9.96,6665083,663918
2019,25,Massachusetts,89.0,19747.29989764372,19747.3,85843.0,85843.0,9.4,6656430,625763
2010,26,Michigan,74.0,10577.02318868706,12400.9,45413.0,53243.9,16.76,9656449,1618257
2011,26,Michigan,76.0,10476.51088153631,11907.2,45981.0,52260.23,17.54,9656260,1693294
2012,26,Michigan,77.0,10515.05906247388,11708.71,46859.0,52178.33,17.44,9663760,1685178
2013,26,Michigan,78.6,10648.97911922528,11686.65,48273.0,52976.86,17.05,9669513,1648436
2014,26,Michigan,79.8,10955.77993682384,11831.41,49847.0,53831.0,16.2,9686787,1568844
2015,26,Michigan,79.7,11051.17867625377,11920.29,51084.0,55101.46,15.77,9698396,1529645
2016,26,Michigan,80.2,11255.64480403175,11989.59,52492.0,55914.82,14.96,9702321,1451936
2017,26,Michigan,80.6,11688.15687372312,12190.6,54909.0,57269.38,14.16,9730205,1377766
2018,26,Michigan,81.4,12051.99598057166,12270.38,56697.0,57724.34,14.05,9774124,1373349
2019,26,Michigan,82.1,12322.81025586176,12322.81,59584.0,59584.0,12.99,9772151,1269062
2010,27,Minnesota,77.0,10673.59376853289,12514.12,55459.0,65022.2,11.55,5189200,599516
2011,27,Minnesota,78.0,10780.76910179127,12253.01,56954.0,64731.72,11.91,5222556,621970
2012,27,Minnesota,79.8,11064.9771517523,12321.05,58906.0,65592.88,11.38,5257443,598371
2013,27,Minnesota,81.2,11426.63655956182,12540.08,60702.0,66616.98,11.19,5292348,592422
2014,27,Minnesota,81.9,11924.40499279661,12877.46,61481.0,66394.84,11.46,5332552,611354
2015,27,Minnesota,82.2,12363.77387133496,13336.11,63488.0,68480.96,10.18,5366594,546431
2016,27,Minnesota,82.7,12635.27113977836,13459.17,65599.0,69876.48,9.88,5396363,533276
2017,27,Minnesota,83.2,12909.69219521235,13464.64,68388.0,71327.8,9.49,5450582,517476
2018,27,Minnesota,83.7,13296.60439624695,13537.54,70315.0,71589.09,9.64,5488344,529077
2019,27,Minnesota,83.8,13502.01228835998,13502.01,74593.0,74593.0,8.97,5515416,494683
2010,28,Mississippi,75.0,7926.147062541027,9292.91,36851.0,43205.49,22.39,2875594,643883
2011,28,Mississippi,75.0,8097.499342667121,9203.31,36919.0,41960.71,22.55,2884215,650524
2012,28,Mississippi,75.5,8116.677400992606,9038.06,37095.0,41305.94,24.15,2890890,698252
2013,28,Mississippi,77.6,8264.557926940677,9069.88,37963.0,41662.22,24.05,2893768,695915
2014,28,Mississippi,80.80000000000001,8444.669644766835,9119.61,39680.0,42851.4,21.52,2895470,623113
2015,28,Mississippi,82.3,8692.480646551725,9376.09,40593.0,43785.4,22.0,2896579,637128
2016,28,Mississippi,83.0,8754.562100796853,9325.42,41754.0,44476.63,20.84,2892894,602768
2017,28,Mississippi,84.0,8909.040560627696,9292.01,43529.0,45400.19,19.77,2889851,571219
2018,28,Mississippi,85.0,9253.486435333907,9421.16,44717.0,45527.26,19.67,2886448,567645
2019,28,Mississippi,87.7,9613.844751739263,9613.84,45792.0,45792.0,19.6,2877843,564192
2010,29,Missouri,81.0,9460.96900980723,11092.39,44301.0,51940.15,15.27,5817852,888570
2011,29,Missouri,84.0,9513.503927626927,10812.68,45247.0,51426.0,15.78,5831530,920118
2012,29,Missouri,85.7,9702.315979954245,10803.7,45321.0,50465.74,16.23,5838008,947792
2013,29,Missouri,87.3,9938.002983813358,10906.39,46931.0,51504.09,15.89,5861009,931066
2014,29,Missouri,87.8,10231.2206355519,11048.95,48363.0,52228.39,15.46,5878658,908628
2015,29,Missouri,89.0,10384.5335605515,11201.22,50238.0,54188.92,14.83,5901967,875495
2016,29,Missouri,88.3,10684.20794719356,11380.89,51746.0,55120.17,13.99,5911040,826954
2017,29,Missouri,89.2,11034.02049434609,11508.34,53578.0,55881.16,13.42,5928516,795732
2018,29,Missouri,89.7,11348.99391422106,11554.64,54478.0,55465.13,13.23,5943658,786330
2019,29,Missouri,89.5,11396.51628396887,11396.52,57409.0,57409.0,12.94,5953025,770175
2010,30,Montana,82.0,10719.07610114826,12567.45,42666.0,50023.21,14.62,964509,140969
2011,30,Montana,84.0,10569.30867094254,12012.67,44222.0,50261.02,14.79,974025,144054
2012,30,Montana,84.4,10662.07876396003,11872.41,45076.0,50192.93,15.52,980594,152199
2013,30,Montana,85.4,10941.14823526147,12007.29,46972.0,51549.09,16.52,990603,163637
2014,30,Montana,86.0,11077.80337226358,11963.19,46328.0,50030.74,15.43,997952,153954
2015,30,Montana,85.6,11373.92894253332,12268.42,49509.0,53402.59,14.62,1007727,147287
2016,30,Montana,85.8,11538.4750059778,12290.86,50027.0,53289.08,13.32,1018105,135638
2017,30,Montana,86.4,11511.81531905214,12006.67,53386.0,55680.91,12.47,1024513,127777
2018,30,Montana,86.6,11983.68540888447,12200.83,55328.0,56330.53,13.02,1037462,135114
2019,30,Montana,85.9,12065.09681357018,12065.1,57153.0,57153.0,12.65,1042682,131882
2010,31,Nebraska,86.0,11704.0400533158,13722.25,48408.0,56755.35,12.94,1776166,229923
2011,31,Nebraska,88.0,11492.26963185705,13061.67,50296.0,57164.5,13.12,1789275,234710
2012,31,Nebraska,88.5,11742.60544636826,13075.6,50723.0,56480.96,12.99,1800904,233973
2013,31,Nebraska,89.7,11877.31443689324,13034.67,51440.0,56452.46,13.19,1815565,239433
2014,31,Nebraska,88.9,12173.5278775569,13146.49,52686.0,56896.9,12.43,1828121,227310
2015,31,Nebraska,89.3,12378.5810059048,13352.08,54996.0,59321.11,12.55,1842682,231321
2016,31,Nebraska,89.1,12661.5135278232,13487.13,56927.0,60639.01,11.42,1851069,211453
2017,31,Nebraska,88.7,12812.91580647752,13363.71,59970.0,62547.94,10.77,1865038,200909
2018,31,Nebraska,88.4,12746.05343268217,12977.01,59566.0,60645.32,11.0,1875342,206341
2019,31,Nebraska,87.5,12828.83901787175,12828.84,63229.0,63229.0,9.89,1877629,185761
2010,32,Nevada,62.0,8411.312492994379,9861.74,51001.0,59795.48,14.93,2666662,398027
2011,32,Nevada,63.0,8130.019898370008,9240.27,48927.0,55608.54,15.9,2684536,426741
2012,32,Nevada,70.7,8026.228551492349,8937.35,49760.0,55408.64,16.44,2718565,446840
2013,32,Nevada,70.0,8274.724768774166,9081.04,51230.0,56222.0,15.76,2750476,433576
2014,32,Nevada,71.3,8450.707175041214,9126.13,51450.0,55562.11,15.24,2800768,426730
2015,32,Nevada,73.6,8753.413218915699,9441.82,52431.0,56554.39,14.67,2850472,418243
2016,32,Nevada,80.9,9119.912649025637,9714.59,55180.0,58778.09,13.79,2896888,399420
2017,32,Nevada,83.2,9040.363553835548,9428.98,58003.0,60496.38,13.0,2954279,384120
2018,32,Nevada,84.1,9280.382545063334,9448.54,58646.0,59708.65,12.95,2991978,387327
2019,32,Nevada,82.6,9547.539669251852,9547.54,63276.0,63276.0,12.5,3037199,379564
2010,33,New Hampshire,86.0,13547.82542331969,15883.98,61042.0,71567.92,8.29,1276614,105786
2011,33,New Hampshire,86.0,13774.13322042731,15655.15,62647.0,71202.17,8.81,1279118,112715
2012,33,New Hampshire,87.3,14049.95724279531,15644.88,63280.0,70463.4,10.04,1280027,128466
2013,33,New Hampshire,88.1,14600.53002522677,16023.25,64230.0,70488.76,8.7,1281181,111495
2014,33,New Hampshire,88.1,14968.50209563004,16164.85,66532.0,71849.54,9.16,1287504,117983
2015,33,New Hampshire,88.2,15534.56232972455,16756.26,70303.0,75831.92,8.23,1288060,106046
2016,33,New Hampshire,88.9,15958.20931736765,16998.79,70936.0,75561.48,7.3,1292255,94289
2017,33,New Hampshire,88.8,16588.44032591552,17301.53,73381.0,76535.44,7.7,1298898,99966
2018,33,New Hampshire,88.4,17456.92769545369,17773.24,74991.0,76349.82,7.64,1312006,100220
2019,33,New Hampshire,88.1,17825.29172731684,17825.29,77933.0,77933.0,7.27,1316495,95711
2010,34,New Jersey,83.0,16854.52512213486,19760.87,67681.0,79351.73,10.26,8626524,884789
2011,34,New Jersey,86.0,17981.95300166393,20437.59,67458.0,76670.16,10.38,8646606,897376
2012,34,New Jersey,87.5,18523.00256084559,20625.69,69667.0,77575.44,10.76,8691673,934943
2013,34,New Jersey,88.6,18779.84015558693,20609.8,70165.0,77002.08,11.45,8721010,998549
2014,34,New Jersey,89.7,18558.90182131818,20042.21,71919.0,77667.09,11.1,8762159,972903
2015,34,New Jersey,90.1,19040.50075132466,20537.92,72222.0,77901.84,10.77,8781575,946114
2016,34,New Jersey,90.5,19584.83371347987,20861.89,76126.0,81089.9,10.44,8769487,915913
2017,34,New Jersey,90.9,20316.42423347172,21189.77,80088.0,83530.75,9.99,8831200,882673
2018,34,New Jersey,90.6,21328.12813011359,21714.59,81740.0,83221.11,9.52,8739304,832133
2019,34,New Jersey,91.0,21385.04506851323,21385.05,85751.0,85751.0,9.16,8712974,798262
2010,35,New Mexico,63.0,9249.511061096293,10844.47,42090.0,49347.89,20.44,2024716,413851
2011,35,New Mexico,70.0,9013.153594780932,10244.0,41963.0,47693.53,21.54,2042530,439914
2012,35,New Mexico,70.3,9163.586278162144,10203.82,42558.0,47389.09,20.85,2044778,426245
2013,35,New Mexico,68.5,9402.79480550872,10319.03,43872.0,48147.01,21.93,2045402,448461
2014,35,New Mexico,68.6,9723.742843711898,10500.91,44803.0,48383.86,21.32,2045525,436153
2015,35,New Mexico,71.0,9958.925807431768,10742.14,45382.0,48951.03,20.44,2044431,417834
2016,35,New Mexico,71.1,9948.576281065712,10597.29,46748.0,49796.27,19.83,2039449,404463
2017,35,New Mexico,73.9,9962.672541835527,10390.94,46744.0,48753.39,19.65,2044187,401755
2018,35,New Mexico,75.1,10465.82401952407,10655.46,47169.0,48023.69,19.47,2051759,399456
2019,35,New Mexico,76.9,11617.40605544586,11617.41,51945.0,51945.0,18.18,2053305,373230
2010,36,New York,77.0,18857.39747089075,22109.12,54148.0,63485.14,14.94,18879810,2821470
2011,36,New York,77.0,19395.91992399947,22044.66,55246.0,62790.47,15.97,18954044,3027342
2012,36,New York,76.8,19529.46736068098,21746.41,56448.0,62855.85,15.87,19064064,3025016
2013,36,New York,77.8,20155.61570713964,22119.64,57369.0,62959.2,15.97,19133973,3055645
2014,36,New York,79.2,20743.58702276571,22401.51,58878.0,63583.79,15.93,19228524,3062938
2015,36,New York,80.4,22231.14673402485,23979.5,60850.0,65635.5,15.4,19283776,2970032
2016,36,New York,81.8,22860.74772912901,24351.42,62909.0,67011.07,14.73,19230198,2832824
2017,36,New York,82.3,23606.26210360253,24621.03,64894.0,67683.61,14.08,19337685,2722257
2018,36,New York,82.8,24882.10250050581,25332.96,67844.0,69073.32,13.61,19037564,2591391
2019,36,New York,83.5,25273.1156497538,25273.12,72108.0,72108.0,13.03,18932499,2467006
2010,37,North Carolina,78.0,8266.814274740795,9692.32,43326.0,50797.02,17.49,9304553,1627602
2011,37,North Carolina,80.0,8159.506577516275,9273.78,43916.0,49913.23,17.87,9406091,1680963
2012,37,North Carolina,82.5,8341.718227947302,9288.65,45150.0,50275.33,18.03,9498993,1713132
2013,37,North Carolina,83.9,8286.509503500327,9093.97,45906.0,50379.21,17.89,9588277,1715397
2014,37,North Carolina,85.6,8529.202665125784,9210.89,46556.0,50276.96,17.22,9691794,1668686
2015,37,North Carolina,85.9,8716.839856589344,9402.37,47830.0,51591.55,16.42,9790073,1607835
2016,37,North Carolina,86.6,8995.169179039289,9581.71,50584.0,53882.4,15.39,9886033,1521880
2017,37,North Carolina,86.3,9311.22399040111,9711.49,52752.0,55019.66,14.7,10009042,1471339
2018,37,North Carolina,86.5,9799.210526010678,9976.77,53855.0,54830.84,14.04,10100431,1417873
2019,37,North Carolina,87.6,9903.14180536418,9903.14,57341.0,57341.0,13.59,10199239,1386122
2010,38,North Dakota,86.0,10898.45851977202,12777.76,48670.0,57062.53,13.03,651415,84895
2011,38,North Dakota,87.0,11245.61710669152,12781.34,51704.0,58764.77,12.25,660473,80882
2012,38,North Dakota,87.5,11614.60579956681,12933.07,53585.0,59667.85,11.22,674852,75703
2013,38,North Dakota,87.2,12382.58631802746,13589.18,55759.0,61192.32,11.8,698199,82398
2014,38,North Dakota,86.6,12884.11351396994,13913.87,59029.0,63746.86,11.55,712548,82264
2015,38,North Dakota,87.5,13358.39512536357,14408.95,60557.0,65319.45,10.96,731354,80170
2016,38,North Dakota,87.2,13766.72127322115,14664.4,60656.0,64611.16,10.72,731759,78464
2017,38,North Dakota,88.1,13783.35603109364,14375.86,61843.0,64501.45,10.32,729355,75279
2018,38,North Dakota,88.3,14033.09166849664,14287.37,63837.0,64993.71,10.68,736671,78676
2019,38,North Dakota,89.0,14252.46131600465,14252.46,64577.0,64577.0,10.57,738814,78112
2010,39,Ohio,80.0,11394.9514568254,13359.87,45090.0,52865.2,15.85,11224969,1779032
2011,39,Ohio,81.0,11322.6841152164,12868.93,45749.0,51996.55,16.43,11234071,1845800
2012,39,Ohio,82.2,11275.76307231103,12555.76,46829.0,52144.92,16.25,11227482,1824628
2013,39,Ohio,81.8,11434.38496999323,12548.58,48081.0,52766.15,15.97,11248753,1796942
2014,39,Ohio,80.7,11729.65320064239,12667.14,49308.0,53248.92,15.84,11276403,1785780
2015,39,Ohio,83.5,11933.10061896148,12871.57,51075.0,55091.75,14.82,11295340,1674415
2016,39,Ohio,84.2,12568.68835413179,13388.25,52334.0,55746.51,14.58,11287401,1645382
2017,39,Ohio,82.1,12893.36919465454,13447.62,54021.0,56343.21,13.97,11330762,1582931
2018,39,Ohio,82.0,13432.67110596888,13676.07,56111.0,57127.72,13.89,11362304,1578673
2019,39,Ohio,84.4,13728.62534270448,13728.63,58642.0,58642.0,13.07,11362386,1484862
2010,40,Oklahoma,,7631.379245080018,8947.31,42072.0,49326.78,16.91,3646849,616610
2011,40,Oklahoma,,7762.831811085091,8822.94,43225.0,49127.87,17.21,3678924,633298
2012,40,Oklahoma,84.8,7913.929592877622,8812.3,44312.0,49342.2,17.23,3699653,637429
2013,40,Oklahoma,82.7,7994.520379908718,8773.53,45690.0,50142.16,16.78,3735207,626906
2014,40,Oklahoma,82.5,8075.465818265794,8720.89,47529.0,51327.73,16.59,3759517,623840
2015,40,Oklahoma,81.6,8090.954131896235,8727.26,48568.0,52387.59,16.09,3795764,610828
2016,40,Oklahoma,82.6,7920.994061129581,8437.49,49176.0,52382.59,16.29,3809431,620377
2017,40,Oklahoma,81.8,8173.629316694767,8524.99,50051.0,52202.55,15.83,3814990,603864
2018,40,Oklahoma,84.9,9203.377160386955,9370.14,51924.0,52864.85,15.61,3825027,596949
2019,40,Oklahoma,80.8,9395.308404348894,9395.31,54449.0,54449.0,15.18,3841763,583029
2010,41,Oregon,68.0,9515.854094827586,11156.74,46560.0,54588.68,15.84,3765919,596408
2011,41,Oregon,68.0,9484.68333075212,10779.93,46816.0,53209.26,17.46,3794213,662283
2012,41,Oregon,68.7,9571.771653710926,10658.34,49161.0,54741.65,17.21,3826398,658359
2013,41,Oregon,72.0,9958.542491773907,10928.93,50251.0,55147.6,16.67,3852871,642138
2014,41,Oregon,73.8,10456.77029623881,11292.52,51075.0,55157.14,16.55,3893475,644450
2015,41,Oregon,74.8,10823.20939544454,11674.39,54148.0,58406.42,15.36,3952077,607029
2016,41,Oregon,76.7,11252.03798447872,11985.74,57532.0,61283.46,13.35,4016520,536146
2017,41,Oregon,78.7,11902.7938827314,12414.46,60212.0,62800.34,13.24,4064467,537974
2018,41,Oregon,80.0,12457.04774207966,12682.77,63426.0,64575.26,12.56,4113142,516570
2019,41,Oregon,82.6,12838.05409663595,12838.05,67058.0,67058.0,11.38,4136542,470643
2010,42,Pennsylvania,83.0,13096.19844932537,15354.47,49288.0,57787.09,13.4,12298955,1648184
2011,42,Pennsylvania,84.0,13091.48898467028,14879.28,50228.0,57087.21,13.76,12328566,1695996
2012,42,Pennsylvania,85.5,13445.16628044704,14971.43,51230.0,57045.52,13.71,12353867,1693285
2013,42,Pennsylvania,85.3,13824.095841243,15171.16,52007.0,57074.71,13.68,12353256,1690405
2014,42,Pennsylvania,84.8,14404.86888294821,15556.17,53234.0,57488.7,13.6,12371337,1682212
2015,42,Pennsylvania,86.1,15165.31666622026,16357.98,55702.0,60082.64,13.16,12385716,1629995
2016,42,Pennsylvania,86.6,15781.85438759083,16810.93,56907.0,60617.7,12.87,12368256,1592045
2017,42,Pennsylvania,85.9,16376.78336457593,17080.77,59195.0,61739.62,12.49,12398112,1548720
2018,42,Pennsylvania,86.5,16891.58338923373,17197.65,60905.0,62008.58,12.25,12394000,1517870
2019,42,Pennsylvania,87.4,17171.60148552714,17171.6,63463.0,63463.0,12.02,12387178,1489333
2010,44,Rhode Island,77.0,14947.63824386444,17525.17,52254.0,61264.54,14.05,1012200,142188
2011,44,Rhode Island,77.0,15172.48508267182,17244.46,53636.0,60960.61,14.74,1009941,148819
2012,44,Rhode Island,79.7,14889.02525248981,16579.19,54554.0,60746.85,13.75,1010449,138907
2013,44,Rhode Island,80.8,15372.20606585545,16870.12,55902.0,61349.25,14.29,1010827,144446
2014,44,Rhode Island,83.2,15796.71254376263,17059.26,54891.0,59278.13,14.34,1015655,145596
2015,44,Rhode Island,82.8,16082.40743166166,17347.19,58073.0,62640.1,13.88,1016343,141035
2016,44,Rhode Island,84.1,16619.50410130145,17703.2,60596.0,64547.25,12.79,1015892,129932
2017,44,Rhode Island,84.0,16953.80234908953,17682.6,63870.0,66615.59,11.62,1018556,118367
2018,44,Rhode Island,83.9,17538.83428149139,17856.63,64340.0,65505.83,12.91,1016469,131205
2019,44,Rhode Island,83.6,17724.9365130227,17724.94,71169.0,71169.0,10.82,1018586,110244
2010,45,South Carolina,74.0,8907.61597629223,10443.62,42018.0,49263.47,18.15,4493865,815755
2011,45,South Carolina,75.0,9102.310107730347,10345.33,42367.0,48152.7,18.88,4538298,856938
2012,45,South Carolina,77.6,9443.517178035812,10515.52,43107.0,48000.41,18.27,4585454,837770
2013,45,South Carolina,80.1,9607.628071620062,10543.82,44163.0,48466.37,18.58,4631801,860380
2014,45,South Carolina,80.3,9830.74086577672,10616.46,45238.0,48853.62,17.99,4691589,843860
2015,45,South Carolina,82.6,10120.23768717266,10916.14,47238.0,50952.99,16.65,4750144,790715
2016,45,South Carolina,83.6,10424.7975636953,11104.56,49501.0,52728.78,15.27,4820419,735960
2017,45,South Carolina,81.0,10704.55930043073,11164.72,50570.0,52743.86,15.4,4882720,751907
2018,45,South Carolina,81.1,10994.24795423636,11193.46,52306.0,53253.77,15.27,4944754,755215
2019,45,South Carolina,82.2,11168.33098862722,11168.33,56227.0,56227.0,13.85,5003235,692744
2010,46,South Dakota,83.0,8931.42835849296,10471.54,45904.0,53819.56,14.43,788226,113760
2011,46,South Dakota,83.0,8593.4595831771,9767.0,48321.0,54919.79,13.92,794872,110681
2012,46,South Dakota,82.7,8629.726153704654,9609.35,48362.0,53851.95,13.41,804310,107846
2013,46,South Dakota,82.7,9035.99369699748,9916.49,48947.0,53716.54,14.17,815049,115454
2014,46,South Dakota,83.9,9103.130201443177,9830.69,50979.0,55053.47,14.17,824373,116843
2015,46,South Dakota,83.9,9335.117941498513,10069.27,53017.0,57186.48,13.75,829644,114071
2016,46,South Dakota,83.7,10117.43038253291,10777.15,54467.0,58018.6,13.25,837292,110962
2017,46,South Dakota,84.1,10263.46870261132,10704.67,56521.0,58950.67,13.0,838991,109099
2018,46,South Dakota,84.1,10325.09454218385,10512.18,56274.0,57293.67,13.1,852419,111626
2019,46,South Dakota,84.2,10392.37557252999,10392.38,59533.0,59533.0,11.93,854648,101946
2010,47,Tennessee,86.0,8330.15015261965,9766.58,41461.0,48610.43,17.68,6195120,1095466
2011,47,Tennessee,87.0,8348.14690710048,9488.18,41693.0,47386.66,18.29,6246380,1142299
2012,47,Tennessee,86.3,8587.52815411436,9562.37,42764.0,47618.47,17.94,6295994,1129330
2013,47,Tennessee,87.2,8662.444429906316,9506.54,44297.0,48613.43,17.79,6335295,1126772
2014,47,Tennessee,87.9,8776.078498204375,9477.5,44361.0,47906.53,18.34,6386663,1171307
2015,47,Tennessee,88.5,8876.032263155003,9574.08,47275.0,50992.9,16.74,6440381,1077900
2016,47,Tennessee,89.8,9246.172114157684,9849.08,48547.0,51712.58,15.77,6489032,1023177
2017,47,Tennessee,90.0,9599.412760100882,10012.06,51340.0,53546.96,14.95,6555389,980284
2018,47,Tennessee,90.5,9941.45570073758,10121.59,52375.0,53324.02,15.31,6603013,1011016
2019,47,Tennessee,90.4,9974.133263167852,9974.13,56071.0,56071.0,13.85,6656385,922176
2010,48,Texas,86.0,8684.515091126616,10182.05,48615.0,56998.04,17.91,24652927,4414481
2011,48,Texas,88.0,8212.75180413041,9334.3,49392.0,56137.04,18.46,25071125,4628758
2012,48,Texas,88.0,8284.533382214127,9224.98,50740.0,56499.89,17.93,25450518,4562352
2013,48,Texas,88.3,8601.696307431046,9439.87,51704.0,56742.19,17.54,25834229,4530039
2014,48,Texas,89.0,9081.028802592398,9806.83,53035.0,57273.79,17.17,26340247,4523708
2015,48,Texas,89.1,9351.674570124516,10087.13,55653.0,60029.78,15.85,26846203,4255517
2016,48,Texas,89.7,9519.674429553976,10140.42,56565.0,60253.4,15.65,27236443,4261337
2017,48,Texas,90.0,9651.958044122746,10066.87,59206.0,61751.09,14.73,27676343,4076905
2018,48,Texas,90.0,9868.208408400453,10047.02,60629.0,61727.58,14.89,28074573,4180675
2019,48,Texas,,10393.91559574029,10393.92,64034.0,64034.0,13.63,28361423,3865010
2010,49,Utah,76.0,6439.999221107975,7550.5,54744.0,64183.91,13.16,2730176,359242
2011,49,Utah,80.0,6311.886969968205,7173.85,55869.0,63498.55,13.53,2771344,374859
2012,49,Utah,83.0,6432.203918608007,7162.37,57049.0,63525.08,12.83,2806020,360017
2013,49,Utah,83.9,6545.689521808713,7183.52,59770.0,65594.16,12.67,2851587,361181
2014,49,Utah,84.8,6751.149923612716,7290.73,60922.0,65791.16,11.73,2897762,339900
2015,49,Utah,85.2,7006.483664932779,7557.5,62912.0,67859.66,11.26,2947861,331854
2016,49,Utah,86.0,7206.284784351645,7676.18,65977.0,70279.12,10.22,3004148,306902
2017,49,Utah,87.0,7576.209655021743,7901.89,68358.0,71296.51,9.71,3052633,296557
2018,49,Utah,87.4,7950.006280362347,8094.06,71414.0,72708.0,9.03,3110944,280773
2019,49,Utah,88.2,8286.64311356606,8286.64,75780.0,75780.0,8.91,3157996,281279
2010,50,Vermont,87.0,14707.17374919986,17243.24,49406.0,57925.44,12.71,600850,76352
2011,50,Vermont,88.0,16651.38847488544,18925.33,52776.0,59983.17,11.49,601236,69075
2012,50,Vermont,86.6,17285.86606266179,19248.12,52977.0,58990.83,11.82,601611,71084
2013,50,Vermont,87.8,18065.79923328448,19826.18,52578.0,57701.35,12.29,602538,74058
2014,50,Vermont,87.7,18768.76959375107,20268.85,54166.0,58495.19,12.15,601819,73149
2015,50,Vermont,87.7,19022.52288712357,20518.53,56990.0,61471.93,10.21,600659,61314
2016,50,Vermont,89.1,19480.49008232686,20750.74,57677.0,61437.91,11.89,600077,71329
2017,50,Vermont,85.1,20219.28167174081,21088.45,57513.0,59985.32,11.31,599862,67841
2018,50,Vermont,84.5,21217.42304246962,21601.88,60782.0,61883.36,10.98,601261,66013
2019,50,Vermont,83.1,22124.23932963727,22124.24,63001.0,63001.0,10.17,599030,60897
2010,51,Virginia,82.0,10362.82774164163,12149.77,60674.0,71136.46,11.08,7780635,861969
2011,51,Virginia,83.0,10655.66168475128,12110.81,61882.0,70332.7,11.53,7854282,905914
2012,51,Virginia,84.5,10959.68001744877,12203.8,61741.0,68749.7,11.74,7936903,931805
2013,51,Virginia,85.3,10955.38968932153,12022.91,62666.0,68772.36,11.72,8010544,938733
2014,51,Virginia,85.7,11234.70693020281,12132.63,64902.0,70089.26,11.8,8080300,953395
2015,51,Virginia,86.7,11434.88030290046,12334.17,66262.0,71473.12,11.18,8131328,909346
2016,51,Virginia,86.9,11885.26561856559,12660.26,68114.0,72555.47,10.99,8158241,896440
2017,51,Virginia,87.5,12223.57579239652,12749.03,71535.0,74610.08,10.64,8221024,874483
2018,51,Virginia,87.5,12641.88757429033,12870.96,72577.0,73892.08,10.7,8264095,884647
2019,51,Virginia,88.8,12941.31969711922,12941.32,76456.0,76456.0,9.94,8279357,822775
2010,53,Washington,76.0,9619.1103432881,11277.8,55631.0,65223.86,13.43,6615922,888718
2011,53,Washington,77.0,9604.073292630084,10915.62,56835.0,64596.47,13.9,6687073,929258
2012,53,Washington,76.4,9714.494898706278,10817.26,57573.0,64108.56,13.54,6761934,915278
2013,53,Washington,78.2,10304.61601456556,11308.73,58405.0,64096.15,14.15,6836262,967282
2014,53,Washington,78.2,10683.53092196811,11537.41,61366.0,66270.65,13.19,6927889,913619
2015,53,Washington,79.7,11484.19785010533,12387.36,64129.0,69172.37,12.19,7036725,857801
2016,53,Washington,79.4,11970.55933271066,12751.12,67106.0,71481.74,11.26,7156306,805691
2017,53,Washington,86.7,12985.69906976702,13543.92,70979.0,74030.18,11.03,7273713,802159
2018,53,Washington,81.1,14341.84550908754,14601.72,74073.0,75415.19,10.26,7400557,759013
2019,53,Washington,83.0,14542.42266912886,14542.42,78687.0,78687.0,9.78,7470152,730240
2010,54,West Virginia,78.0,11977.89240982894,14043.33,38218.0,44808.21,18.14,1799960,326507
2011,54,West Virginia,79.0,11578.62727047761,13159.82,38482.0,43737.16,18.58,1802655,334885
2012,54,West Virginia,81.4,11263.90591568802,12542.56,40196.0,44758.96,17.77,1801131,320055
2013,54,West Virginia,84.5,11370.98810142441,12479.01,41253.0,45272.81,18.48,1798266,332347
2014,54,West Virginia,86.5,11511.96122863972,12432.05,41059.0,44340.62,18.28,1792949,327764
2015,54,West Virginia,89.8,11424.26129564754,12322.71,42019.0,45323.55,17.93,1793096,321583
2016,54,West Virginia,89.4,11744.62121195523,12510.45,43385.0,46213.98,17.93,1779919,319063
2017,54,West Virginia,90.2,11571.6837210669,12069.12,43469.0,45337.61,19.08,1762467,336301
2018,54,West Virginia,91.3,12269.25292936681,12491.57,44097.0,44896.03,17.8,1753476,312188
2019,54,West Virginia,92.1,12647.11156569988,12647.11,48850.0,48850.0,16.03,1739050,278734
2010,55,Wisconsin,87.0,11947.10549695513,14007.23,49001.0,57450.6,13.21,5535803,731479
2011,55,Wisconsin,88.0,11233.2237273265,12767.25,50395.0,57277.02,13.07,5554349,725797
2012,55,Wisconsin,88.0,11185.51945128354,12455.27,51059.0,56855.1,13.23,5573134,737356
2013,55,Wisconsin,88.6,11345.1636410213,12450.67,51467.0,56482.09,13.51,5593197,755551
2014,55,Wisconsin,88.4,11537.728162381,12459.88,52622.0,56827.79,13.18,5603486,738270
2015,55,Wisconsin,88.2,11664.02459552892,12581.33,55638.0,60013.6,12.06,5620223,677964
2016,55,Wisconsin,88.6,12103.83240208599,12893.08,56811.0,60515.44,11.75,5628565,661565
2017,55,Wisconsin,89.7,12445.52108328405,12980.52,59305.0,61854.35,11.33,5645194,639564
2018,55,Wisconsin,90.1,12689.97378548246,12919.91,60773.0,61874.19,11.05,5665153,625826
2019,55,Wisconsin,90.4,12793.52581599252,12793.53,64168.0,64168.0,10.42,5675557,591486
2010,56,Wyoming,80.0,15814.67487305913,18541.72,53512.0,62739.47,11.17,551120,61577
2011,56,Wyoming,79.0,15987.94489902993,18171.28,56322.0,64013.41,11.3,554314,62629
2012,56,Wyoming,77.0,15814.85328541756,17610.12,54901.0,61133.24,12.65,561445,71019
2013,56,Wyoming,78.6,15903.39006484635,17453.06,58752.0,64476.96,10.9,569307,62039
2014,56,Wyoming,79.3,16047.41215303985,17329.99,57055.0,61615.09,11.19,570149,63774
2015,56,Wyoming,80.0,16431.27875671738,17723.5,60214.0,64949.48,11.08,572319,63425
2016,56,Wyoming,86.2,16512.85863863226,17589.6,59882.0,63786.69,11.32,571169,64663
2017,56,Wyoming,81.7,16134.00726728766,16827.56,60434.0,63031.88,11.33,565242,64054
2018,56,Wyoming,82.1,16227.51164738689,16521.55,61584.0,62699.89,11.06,563374,62301
2019,56,Wyoming,82.3,16665.12495772385,16665.12,65003.0,65003.0,10.11,563528,56945
