year,state_fips,state_name,median_hh_income,poverty_population,poverty_below,poverty_rate,graduation_rate,per_pupil_spending
2010,1,Alabama,40474.0,4666970,888290,19.03,72.0,8725.97101192241
2011,1,Alabama,41415.0,4687363,892483,19.04,75.0,8576.869771333335
2012,1,Alabama,41574.0,4706978,892564,18.96,80.0,8772.540782958678
2013,1,Alabama,42849.0,4716105,883371,18.73,86.3,9036.174200352718
2014,1,Alabama,42830.0,4727549,910175,19.25,89.3,9146.460735805547
2015,1,Alabama,44765.0,4736333,876016,18.5,87.1,9257.567687879224
2016,1,Alabama,46257.0,4741329,810231,17.09,89.3,9527.70292376465
2017,1,Alabama,48123.0,4752560,802656,16.89,90.0,9716.658875282175
2018,1,Alabama,49861.0,4763828,800422,16.8,91.7,10106.52825138296
2019,1,Alabama,51734.0,4781688,739108,15.46,90.6,10140.18446055345
2010,2,Alaska,64576.0,696822,69279,9.94,68.0,16663.16057802943
2011,2,Alaska,67825.0,706860,73905,10.46,70.0,17475.47118558783
2012,2,Alaska,67712.0,715608,72400,10.12,71.8,18217.1470617314
2013,2,Alaska,72237.0,718359,67016,9.33,71.1,18465.91085502199
2014,2,Alaska,71583.0,717723,80627,11.23,75.6,20190.8288101482
2015,2,Alaska,73355.0,720765,74532,10.34,76.1,17509.92235633355
2016,2,Alaska,76440.0,723968,71566,9.89,78.2,17837.58383871867
2017,2,Alaska,73181.0,720472,80012,11.11,78.5,17725.78796887229
2018,2,Alaska,74346.0,720869,78620,10.91,80.4,18393.05793239312
2019,2,Alaska,75463.0,713725,71938,10.08,79.1,18313.10043403501
2010,4,Arizona,46789.0,6272686,1094249,17.44,78.0,7781.854881404356
2011,4,Arizona,46709.0,6336449,1203501,18.99,76.0,7383.086411513637
2012,4,Arizona,47826.0,6401273,1194506,18.66,75.1,7494.629106908124
2013,4,Arizona,48510.0,6477191,1206460,18.63,75.7,7426.770989936005
2014,4,Arizona,50068.0,6573369,1199061,18.24,77.4,7590.187653691869
2015,4,Arizona,51492.0,6671705,1159043,17.37,79.5,7772.177876256597
2016,4,Arizona,53558.0,6771098,1107464,16.36,78.0,8053.187081755256
2017,4,Arizona,56581.0,6856067,1018935,14.86,78.7,8372.606504626949
2018,4,Arizona,59246.0,7013444,983499,14.02,77.8,8772.758387680156
2019,4,Arizona,62055.0,7116266,958442,13.47,77.3,8694.369790915835
2010,5,Arkansas,38307.0,2839798,534898,18.84,81.0,9495.962328411952
2011,5,Arkansas,38758.0,2856663,555876,19.46,84.0,9536.040390052864
2012,5,Arkansas,40112.0,2865098,568065,19.83,84.9,9538.41826405873
2013,5,Arkansas,40511.0,2873340,565469,19.68,86.9,9751.590229377178
2014,5,Arkansas,41262.0,2882856,543882,18.87,84.9,9804.754396364357
2015,5,Arkansas,41995.0,2887337,550508,19.07,87.0,9900.217159217444
2016,5,Arkansas,44334.0,2898630,499225,17.22,88.0,10004.04221729993
2017,5,Arkansas,45869.0,2916321,478365,16.4,89.2,10167.80989951319
2018,5,Arkansas,47062.0,2925448,504504,17.25,87.6,10411.53269290175
2019,5,Arkansas,48952.0,2929117,474739,16.21,88.8,10368.66128224065
2010,6,California,57708.0,36593372,5783043,15.8,76.0,9146.374347372748
2011,6,California,57287.0,36941931,6118803,16.56,79.0,9220.216166966238
2012,6,California,58328.0,37303266,6325319,16.96,80.4,9258.49863218239
2013,6,California,60190.0,37593091,6328824,16.84,81.0,9671.240259872957
2014,6,California,61933.0,38060228,6259098,16.45,82.0,10448.71098693459
2015,6,California,64500.0,38398057,5891678,15.34,83.0,11420.47367021103
2016,6,California,67739.0,38513258,5525524,14.35,82.7,12151.22120105789
2017,6,California,71805.0,38793027,5160208,13.3,83.0,12664.23808306946
2018,6,California,75277.0,38818454,4969326,12.8,84.5,13641.0689775782
2019,6,California,80440.0,38733295,4552837,11.75,84.3,13841.18038468597
2010,8,Colorado,54046.0,4934178,659786,13.37,74.0,8786.103598176722
2011,8,Colorado,55387.0,5002128,674195,13.48,75.0,8594.037505926148
2012,8,Colorado,56765.0,5069071,694842,13.71,76.9,8693.048746990658
2013,8,Colorado,58823.0,5151461,667446,12.96,77.3,9035.721406751887
2014,8,Colorado,61303.0,5237149,630786,12.04,77.3,9291.79464030614
2015,8,Colorado,63909.0,5339618,613549,11.49,78.9,9618.789916050502
2016,8,Colorado,65685.0,5420327,598736,11.05,79.1,9849.440847098236
2017,8,Colorado,69117.0,5483104,564312,10.29,80.8,10238.06052752999
2018,8,Colorado,71953.0,5577020,537492,9.64,81.1,11072.01478822559
2019,8,Colorado,77127.0,5637904,526979,9.35,81.9,11646.82635347555
2010,9,Connecticut,64032.0,3466977,350145,10.1,83.0,16223.53256646199
2011,9,Connecticut,65753.0,3471802,377856,10.88,85.0,16854.93382837004
2012,9,Connecticut,67276.0,3484178,372390,10.69,85.5,17320.8838723378
2013,9,Connecticut,67098.0,3485353,373900,10.73,87.0,18400.65645367997
2014,9,Connecticut,70048.0,3485629,374772,10.75,87.2,19019.58626662588
2015,9,Connecticut,71346.0,3480932,366909,10.54,87.4,19614.57541552572
2016,9,Connecticut,73433.0,3469514,339128,9.77,87.9,19929.37464820844
2017,9,Connecticut,74168.0,3482584,334128,9.59,88.4,20147.10854376534
2018,9,Connecticut,76348.0,3468263,361377,10.42,88.5,21140.03831313588
2019,9,Connecticut,78833.0,3460446,347149,10.03,88.3,20889.13641276328
2010,10,Delaware,55847.0,874321,103427,11.83,78.0,12467.28564252761
2011,10,Delaware,58814.0,882353,104831,11.88,80.0,13580.43458502009
2012,10,Delaware,58415.0,890738,107307,12.05,80.4,13652.7431525429
2013,10,Delaware,57846.0,900322,111327,12.37,87.0,13793.18557640466
2014,10,Delaware,59716.0,909611,113508,12.48,85.6,13881.70984467555
2015,10,Delaware,61255.0,920355,114360,12.43,85.5,14397.11607970515
2016,10,Delaware,61757.0,926864,108211,11.67,86.9,14891.89292843304
2017,10,Delaware,62852.0,934947,126986,13.58,86.9,15281.80430396279
2018,10,Delaware,64805.0,940786,117242,12.46,89.0,15928.69760485532
2019,10,Delaware,70176.0,944955,106383,11.26,89.0,16776.79361109126
2010,12,Florida,44409.0,18436788,3047343,16.53,71.0,9030.2522778886
2011,12,Florida,44299.0,18652057,3173456,17.01,75.0,8520.023745238284
2012,12,Florida,45040.0,18912479,3238581,17.12,75.6,8623.044830511684
2013,12,Florida,46036.0,19129950,3253333,17.01,76.1,8954.836419376465
2014,12,Florida,47463.0,19470210,3211615,16.5,77.9,9112.82508422369
2015,12,Florida,49426.0,19850054,3116886,15.7,80.7,9175.89250399501
2016,12,Florida,50860.0,20191342,2973512,14.73,82.3,9373.835214611236
2017,12,Florida,52594.0,20569920,2889506,14.05,86.3,9663.470680237138
2018,12,Florida,55462.0,20882651,2840977,13.6,87.2,9986.290995009917
2019,12,Florida,59227.0,21048884,2664772,12.66,90.2,10304.61351825335
2010,13,Georgia,46430.0,9446906,1688932,17.88,67.0,9258.966260739731
2011,13,Georgia,46007.0,9550271,1827743,19.14,70.0,9272.097435870046
2012,13,Georgia,47209.0,9652596,1848533,19.15,71.7,9121.376892467237
2013,13,Georgia,47829.0,9720914,1843768,18.97,72.5,9235.796607013484
2014,13,Georgia,49321.0,9823859,1797969,18.3,78.8,9476.126573215312
2015,13,Georgia,51244.0,9943145,1694988,17.05,79.4,9835.494312946972
2016,13,Georgia,53559.0,10040201,1603013,15.97,80.6,10273.64915895181
2017,13,Georgia,56183.0,10154747,1517702,14.95,81.6,10760.22643926809
2018,13,Georgia,58756.0,10238658,1468642,14.34,82.0,11203.46934589255
2019,13,Georgia,61980.0,10332523,1373909,13.3,83.8,11685.99565113466
2010,15,Hawaii,63030.0,1326373,142185,10.72,80.0,11923.99016152471
2011,15,Hawaii,61821.0,1338543,161290,12.05,81.0,11972.67563188949
2012,15,Hawaii,66259.0,1356822,157243,11.59,82.4,11789.80372374973
2013,15,Hawaii,68020.0,1367662,148368,10.85,81.8,12399.76452830189
2014,15,Hawaii,69592.0,1379804,156729,11.36,81.6,12854.7250526362
2015,15,Hawaii,73486.0,1394121,147984,10.61,82.7,13748.27352949257
2016,15,Hawaii,74511.0,1389442,129569,9.33,82.7,14321.52852106858
2017,15,Hawaii,77765.0,1388550,132549,9.55,84.5,15241.99600192438
2018,15,Hawaii,80212.0,1382448,122143,8.84,85.2,16131.68587473384
2019,15,Hawaii,83102.0,1379078,128722,9.33,86.3,16564.19883702951
2010,16,Idaho,43490.0,1541860,242272,15.71,,6821.406889026641
2011,16,Idaho,43341.0,1550082,255027,16.45,,6626.419779685786
2012,16,Idaho,45489.0,1565511,248494,15.87,,6760.695443661923
2013,16,Idaho,46783.0,1582911,246550,15.58,77.3,6577.135454471864
2014,16,Idaho,47861.0,1603083,237981,14.85,78.9,6929.383075785963
2015,16,Idaho,48275.0,1622116,245551,15.14,79.7,7211.286396124226
2016,16,Idaho,51807.0,1652592,237445,14.37,79.7,7554.398926648721
2017,16,Idaho,52225.0,1686491,216309,12.83,80.7,7845.773163427251
2018,16,Idaho,55583.0,1723154,203264,11.8,80.8,8042.664484319952
2019,16,Idaho,60999.0,1753946,195984,11.17,82.2,8336.635594800317
2010,17,Illinois,52972.0,12543457,1731711,13.81,84.0,11742.14404678788
2011,17,Illinois,53234.0,12566914,1879965,14.96,82.0,12011.25151875885
2012,17,Illinois,55137.0,12573676,1850562,14.72,83.2,12443.25177837191
2013,17,Illinois,56210.0,12576680,1845393,14.67,86.0,13212.84846066957
2014,17,Illinois,57444.0,12571848,1804535,14.35,85.6,13935.11971619212
2015,17,Illinois,59588.0,12559422,1703258,13.56,85.5,14327.43567104961
2016,17,Illinois,60960.0,12502057,1621508,12.97,87.0,15517.21954855091
2017,17,Illinois,62992.0,12503720,1569753,12.55,86.5,15912.47685190737
2018,17,Illinois,65030.0,12447271,1509247,12.13,86.2,16280.58542275143
2019,17,Illinois,69187.0,12373209,1420542,11.48,,17482.71300223384
2010,18,Indiana,44613.0,6294417,962775,15.3,86.0,9251.005494484509
2011,18,Indiana,46438.0,6318942,1011017,16.0,86.0,9587.650506118094
2012,18,Indiana,46974.0,6342423,990325,15.61,87.0,9421.411470861914
2013,18,Indiana,47529.0,6367890,1015127,15.94,87.9,9396.102956410488
2014,18,Indiana,49446.0,6391460,974218,15.24,87.1,9529.432238745483
2015,18,Indiana,50532.0,6417418,933181,14.54,86.8,9687.672641310255
2016,18,Indiana,52314.0,6432804,906077,14.09,83.8,9823.120392893316
2017,18,Indiana,54181.0,6463636,871247,13.48,88.1,10033.12419143852
2018,18,Indiana,55746.0,6489261,852638,13.14,87.2,10252.08022403965
2019,18,Indiana,57603.0,6517430,775823,11.9,90.9,10797.65378524668
2010,19,Iowa,47961.0,2950251,370507,12.56,88.0,9794.505245322978
2011,19,Iowa,49427.0,2963602,378864,12.78,89.0,10026.70839736221
2012,19,Iowa,50957.0,2974225,377484,12.69,89.7,10291.14476466763
2013,19,Iowa,52229.0,2991670,379127,12.67,90.5,10646.57272289866
2014,19,Iowa,53712.0,3004857,367816,12.24,90.8,10937.57409001585
2015,19,Iowa,54736.0,3021823,367414,12.16,91.3,11148.20517151102
2016,19,Iowa,56247.0,3031338,356378,11.76,91.0,11456.36135307582
2017,19,Iowa,58570.0,3044685,326636,10.73,91.4,11724.03051675296
2018,19,Iowa,59955.0,3055939,343504,11.24,91.6,11933.16902762644
2019,19,Iowa,61691.0,3058938,341613,11.17,91.8,11985.78332727652
2010,20,Kansas,48257.0,2775355,377530,13.6,83.0,9802.27925929448
2011,20,Kansas,48964.0,2786855,383467,13.76,85.0,10021.1900729879
2012,20,Kansas,50241.0,2802207,391734,13.98,85.7,10011.1096324863
2013,20,Kansas,50972.0,2811722,393358,13.99,85.7,10239.65529771976
2014,20,Kansas,52504.0,2821431,382712,13.56,85.7,10329.35858428435
2015,20,Kansas,53906.0,2830943,368879,13.03,85.7,10216.03480451073
2016,20,Kansas,54935.0,2825864,342544,12.12,86.5,10427.6825448521
2017,20,Kansas,56422.0,2827376,336487,11.9,87.2,11094.78286339642
2018,20,Kansas,58218.0,2825680,338175,11.97,87.2,11327.9174235986
2019,20,Kansas,62087.0,2826818,323189,11.43,88.2,11960.43994031685
2010,21,Kentucky,40062.0,4215643,800226,18.98,,9227.744833077808
2011,21,Kentucky,41141.0,4238283,811277,19.14,,9326.861875666247
2012,21,Kentucky,41724.0,4247103,823197,19.38,86.1,9274.098338069403
2013,21,Kentucky,43399.0,4266556,800635,18.77,87.5,9411.31233604325
2014,21,Kentucky,42958.0,4275359,817542,19.12,88.0,9559.83806923792
2015,21,Kentucky,45215.0,4290022,794055,18.51,88.6,9831.156218048993
2016,21,Kentucky,46659.0,4298953,794060,18.47,89.7,10083.30873794072
2017,21,Kentucky,48375.0,4316917,744239,17.24,90.3,11081.28193862357
2018,21,Kentucky,50247.0,4326305,730408,16.88,90.6,11280.48492153533
2019,21,Kentucky,52295.0,4326675,703627,16.26,91.1,11370.21745067891
2010,22,Louisiana,42505.0,4413890,825144,18.69,71.0,10798.95482501098
2011,22,Louisiana,41734.0,4445400,908375,20.43,72.0,10726.31359843046
2012,22,Louisiana,42944.0,4471142,891981,19.95,73.5,10539.46695540742
2013,22,Louisiana,44164.0,4494989,888019,19.76,74.6,10852.51848582765
2014,22,Louisiana,44555.0,4518525,896524,19.84,77.5,11105.53565290179
2015,22,Louisiana,45727.0,4541688,889946,19.6,78.6,11168.68682405028
2016,22,Louisiana,45146.0,4546017,918187,20.2,78.1,11377.62278564777
2017,22,Louisiana,46145.0,4553037,899039,19.75,81.4,11636.08692904137
2018,22,Louisiana,47905.0,4529028,843626,18.63,80.1,11920.4784196869
2019,22,Louisiana,51073.0,4515876,857894,19.0,82.9,12009.04220207506
2010,23,Maine,45815.0,1293012,167242,12.93,84.0,12576.24163171618
2011,23,Maine,46033.0,1291650,182448,14.13,85.0,12334.5215511539
2012,23,Maine,46709.0,1293457,189786,14.67,86.4,12693.82789828738
2013,23,Maine,46974.0,1293827,180639,13.96,86.5,13267.01054919971
2014,23,Maine,49462.0,1294009,182791,14.13,87.5,13976.4937972502
2015,23,Maine,51494.0,1292996,172620,13.35,87.0,14202.17351731429
2016,23,Maine,53079.0,1295971,161749,12.48,86.9,14632.93280779117
2017,23,Maine,56277.0,1301216,144012,11.07,86.7,15069.4045923767
2018,23,Maine,55602.0,1301941,151541,11.64,87.4,15685.733532453
2019,23,Maine,58924.0,1304100,141803,10.87,87.4,16067.10449772867
2010,24,Maryland,68854.0,5643821,557140,9.87,83.0,13946.46730680547
2011,24,Maryland,70004.0,5685412,571887,10.06,84.0,13875.22326206026
2012,24,Maryland,71122.0,5744445,590803,10.28,85.0,14085.63335962347
2013,24,Maryland,72483.0,5788159,585571,10.12,86.4,14217.14054532083
2014,24,Maryland,73971.0,5835377,589818,10.11,87.0,14430.9136560421
2015,24,Maryland,75847.0,5863290,570776,9.73,87.6,14522.56511645621
2016,24,Maryland,78945.0,5875026,567715,9.66,87.7,14932.6057371694
2017,24,Maryland,80776.0,5915309,549171,9.28,87.1,15154.81301332462
2018,24,Maryland,83242.0,5899819,528203,8.95,86.9,15575.74860257329
2019,24,Maryland,86738.0,5898360,532241,9.02,86.8,15925.50337143888
2010,25,Massachusetts,62072.0,6333611,725143,11.45,83.0,14611.66430261532
2011,25,Massachusetts,62859.0,6367148,738514,11.6,85.0,14843.84242197932
2012,25,Massachusetts,65339.0,6414762,762645,11.89,85.0,15320.81266227679
2013,25,Massachusetts,66768.0,6456530,770513,11.93,86.1,15886.15563035515
2014,25,Massachusetts,69160.0,6509672,757235,11.63,87.3,16449.98260280966
2015,25,Massachusetts,70628.0,6558724,752071,11.47,87.5,16985.71989448417
2016,25,Massachusetts,75297.0,6574249,686597,10.44,88.3,17717.87828896211
2017,25,Massachusetts,77385.0,6622444,692201,10.45,87.8,18327.9675380471
2018,25,Massachusetts,79835.0,6665083,663918,9.96,88.0,19195.65110147907
2019,25,Massachusetts,85843.0,6656430,625763,9.4,89.0,19747.29989764372
2010,26,Michigan,45413.0,9656449,1618257,16.76,74.0,10577.02318868706
2011,26,Michigan,45981.0,9656260,1693294,17.54,76.0,10476.51088153631
2012,26,Michigan,46859.0,9663760,1685178,17.44,77.0,10515.05906247388
2013,26,Michigan,48273.0,9669513,1648436,17.05,78.6,10648.97911922528
2014,26,Michigan,49847.0,9686787,1568844,16.2,79.8,10955.77993682384
2015,26,Michigan,51084.0,9698396,1529645,15.77,79.7,11051.17867625377
2016,26,Michigan,52492.0,9702321,1451936,14.96,80.2,11255.64480403175
2017,26,Michigan,54909.0,9730205,1377766,14.16,80.6,11688.15687372312
2018,26,Michigan,56697.0,9774124,1373349,14.05,81.4,12051.99598057166
2019,26,Michigan,59584.0,9772151,1269062,12.99,82.1,12322.81025586176
2010,27,Minnesota,55459.0,5189200,599516,11.55,77.0,10673.59376853289
2011,27,Minnesota,56954.0,5222556,621970,11.91,78.0,10780.76910179127
2012,27,Minnesota,58906.0,5257443,598371,11.38,79.8,11064.9771517523
2013,27,Minnesota,60702.0,5292348,592422,11.19,81.2,11426.63655956182
2014,27,Minnesota,61481.0,5332552,611354,11.46,81.9,11924.40499279661
2015,27,Minnesota,63488.0,5366594,546431,10.18,82.2,12363.77387133496
2016,27,Minnesota,65599.0,5396363,533276,9.88,82.7,12635.27113977836
2017,27,Minnesota,68388.0,5450582,517476,9.49,83.2,12909.69219521235
2018,27,Minnesota,70315.0,5488344,529077,9.64,83.7,13296.60439624695
2019,27,Minnesota,74593.0,5515416,494683,8.97,83.8,13502.01228835998
2010,28,Mississippi,36851.0,2875594,643883,22.39,75.0,7926.147062541027
2011,28,Mississippi,36919.0,2884215,650524,22.55,75.0,8097.499342667121
2012,28,Mississippi,37095.0,2890890,698252,24.15,75.5,8116.677400992606
2013,28,Mississippi,37963.0,2893768,695915,24.05,77.6,8264.557926940677
2014,28,Mississippi,39680.0,2895470,623113,21.52,80.80000000000001,8444.669644766835
2015,28,Mississippi,40593.0,2896579,637128,22.0,82.3,8692.480646551725
2016,28,Mississippi,41754.0,2892894,602768,20.84,83.0,8754.562100796853
2017,28,Mississippi,43529.0,2889851,571219,19.77,84.0,8909.040560627696
2018,28,Mississippi,44717.0,2886448,567645,19.67,85.0,9253.486435333907
2019,28,Mississippi,45792.0,2877843,564192,19.6,87.7,9613.844751739263
2010,29,Missouri,44301.0,5817852,888570,15.27,81.0,9460.96900980723
2011,29,Missouri,45247.0,5831530,920118,15.78,84.0,9513.503927626927
2012,29,Missouri,45321.0,5838008,947792,16.23,85.7,9702.315979954245
2013,29,Missouri,46931.0,5861009,931066,15.89,87.3,9938.002983813358
2014,29,Missouri,48363.0,5878658,908628,15.46,87.8,10231.2206355519
2015,29,Missouri,50238.0,5901967,875495,14.83,89.0,10384.5335605515
2016,29,Missouri,51746.0,5911040,826954,13.99,88.3,10684.20794719356
2017,29,Missouri,53578.0,5928516,795732,13.42,89.2,11034.02049434609
2018,29,Missouri,54478.0,5943658,786330,13.23,89.7,11348.99391422106
2019,29,Missouri,57409.0,5953025,770175,12.94,89.5,11396.51628396887
2010,30,Montana,42666.0,964509,140969,14.62,82.0,10719.07610114826
2011,30,Montana,44222.0,974025,144054,14.79,84.0,10569.30867094254
2012,30,Montana,45076.0,980594,152199,15.52,84.4,10662.07876396003
2013,30,Montana,46972.0,990603,163637,16.52,85.4,10941.14823526147
2014,30,Montana,46328.0,997952,153954,15.43,86.0,11077.80337226358
2015,30,Montana,49509.0,1007727,147287,14.62,85.6,11373.92894253332
2016,30,Montana,50027.0,1018105,135638,13.32,85.8,11538.4750059778
2017,30,Montana,53386.0,1024513,127777,12.47,86.4,11511.81531905214
2018,30,Montana,55328.0,1037462,135114,13.02,86.6,11983.68540888447
2019,30,Montana,57153.0,1042682,131882,12.65,85.9,12065.09681357018
2010,31,Nebraska,48408.0,1776166,229923,12.94,86.0,11704.0400533158
2011,31,Nebraska,50296.0,1789275,234710,13.12,88.0,11492.26963185705
2012,31,Nebraska,50723.0,1800904,233973,12.99,88.5,11742.60544636826
2013,31,Nebraska,51440.0,1815565,239433,13.19,89.7,11877.31443689324
2014,31,Nebraska,52686.0,1828121,227310,12.43,88.9,12173.5278775569
2015,31,Nebraska,54996.0,1842682,231321,12.55,89.3,12378.5810059048
2016,31,Nebraska,56927.0,1851069,211453,11.42,89.1,12661.5135278232
2017,31,Nebraska,59970.0,1865038,200909,10.77,88.7,12812.91580647752
2018,31,Nebraska,59566.0,1875342,206341,11.0,88.4,12746.05343268217
2019,31,Nebraska,63229.0,1877629,185761,9.89,87.5,12828.83901787175
2010,32,Nevada,51001.0,2666662,398027,14.93,62.0,8411.312492994379
2011,32,Nevada,48927.0,2684536,426741,15.9,63.0,8130.019898370008
2012,32,Nevada,49760.0,2718565,446840,16.44,70.7,8026.228551492349
2013,32,Nevada,51230.0,2750476,433576,15.76,70.0,8274.724768774166
2014,32,Nevada,51450.0,2800768,426730,15.24,71.3,8450.707175041214
2015,32,Nevada,52431.0,2850472,418243,14.67,73.6,8753.413218915699
2016,32,Nevada,55180.0,2896888,399420,13.79,80.9,9119.912649025637
2017,32,Nevada,58003.0,2954279,384120,13.0,83.2,9040.363553835548
2018,32,Nevada,58646.0,2991978,387327,12.95,84.1,9280.382545063334
2019,32,Nevada,63276.0,3037199,379564,12.5,82.6,9547.539669251852
2010,33,New Hampshire,61042.0,1276614,105786,8.29,86.0,13547.82542331969
2011,33,New Hampshire,62647.0,1279118,112715,8.81,86.0,13774.13322042731
2012,33,New Hampshire,63280.0,1280027,128466,10.04,87.3,14049.95724279531
2013,33,New Hampshire,64230.0,1281181,111495,8.7,88.1,14600.53002522677
2014,33,New Hampshire,66532.0,1287504,117983,9.16,88.1,14968.50209563004
2015,33,New Hampshire,70303.0,1288060,106046,8.23,88.2,15534.56232972455
2016,33,New Hampshire,70936.0,1292255,94289,7.3,88.9,15958.20931736765
2017,33,New Hampshire,73381.0,1298898,99966,7.7,88.8,16588.44032591552
2018,33,New Hampshire,74991.0,1312006,100220,7.64,88.4,17456.92769545369
2019,33,New Hampshire,77933.0,1316495,95711,7.27,88.1,17825.29172731684
2010,34,New Jersey,67681.0,8626524,884789,10.26,83.0,16854.52512213486
2011,34,New Jersey,67458.0,8646606,897376,10.38,86.0,17981.95300166393
2012,34,New Jersey,69667.0,8691673,934943,10.76,87.5,18523.00256084559
2013,34,New Jersey,70165.0,8721010,998549,11.45,88.6,18779.84015558693
2014,34,New Jersey,71919.0,8762159,972903,11.1,89.7,18558.90182131818
2015,34,New Jersey,72222.0,8781575,946114,10.77,90.1,19040.50075132466
2016,34,New Jersey,76126.0,8769487,915913,10.44,90.5,19584.83371347987
2017,34,New Jersey,80088.0,8831200,882673,9.99,90.9,20316.42423347172
2018,34,New Jersey,81740.0,8739304,832133,9.52,90.6,21328.12813011359
2019,34,New Jersey,85751.0,8712974,798262,9.16,91.0,21385.04506851323
2010,35,New Mexico,42090.0,2024716,413851,20.44,63.0,9249.511061096293
2011,35,New Mexico,41963.0,2042530,439914,21.54,70.0,9013.153594780932
2012,35,New Mexico,42558.0,2044778,426245,20.85,70.3,9163.586278162144
2013,35,New Mexico,43872.0,2045402,448461,21.93,68.5,9402.79480550872
2014,35,New Mexico,44803.0,2045525,436153,21.32,68.6,9723.742843711898
2015,35,New Mexico,45382.0,2044431,417834,20.44,71.0,9958.925807431768
2016,35,New Mexico,46748.0,2039449,404463,19.83,71.1,9948.576281065712
2017,35,New Mexico,46744.0,2044187,401755,19.65,73.9,9962.672541835527
2018,35,New Mexico,47169.0,2051759,399456,19.47,75.1,10465.82401952407
2019,35,New Mexico,51945.0,2053305,373230,18.18,76.9,11617.40605544586
2010,36,New York,54148.0,18879810,2821470,14.94,77.0,18857.39747089075
2011,36,New York,55246.0,18954044,3027342,15.97,77.0,19395.91992399947
2012,36,New York,56448.0,19064064,3025016,15.87,76.8,19529.46736068098
2013,36,New York,57369.0,19133973,3055645,15.97,77.8,20155.61570713964
2014,36,New York,58878.0,19228524,3062938,15.93,79.2,20743.58702276571
2015,36,New York,60850.0,19283776,2970032,15.4,80.4,22231.14673402485
2016,36,New York,62909.0,19230198,2832824,14.73,81.8,22860.74772912901
2017,36,New York,64894.0,19337685,2722257,14.08,82.3,23606.26210360253
2018,36,New York,67844.0,19037564,2591391,13.61,82.8,24882.10250050581
2019,36,New York,72108.0,18932499,2467006,13.03,83.5,25273.1156497538
2010,37,North Carolina,43326.0,9304553,1627602,17.49,78.0,8266.814274740795
2011,37,North Carolina,43916.0,9406091,1680963,17.87,80.0,8159.506577516275
2012,37,North Carolina,45150.0,9498993,1713132,18.03,82.5,8341.718227947302
2013,37,North Carolina,45906.0,9588277,1715397,17.89,83.9,8286.509503500327
2014,37,North Carolina,46556.0,9691794,1668686,17.22,85.6,8529.202665125784
2015,37,North Carolina,47830.0,9790073,1607835,16.42,85.9,8716.839856589344
2016,37,North Carolina,50584.0,9886033,1521880,15.39,86.6,8995.169179039289
2017,37,North Carolina,52752.0,10009042,1471339,14.7,86.3,9311.22399040111
2018,37,North Carolina,53855.0,10100431,1417873,14.04,86.5,9799.210526010678
2019,37,North Carolina,57341.0,10199239,1386122,13.59,87.6,9903.14180536418
2010,38,North Dakota,48670.0,651415,84895,13.03,86.0,10898.45851977202
2011,38,North Dakota,51704.0,660473,80882,12.25,87.0,11245.61710669152
2012,38,North Dakota,53585.0,674852,75703,11.22,87.5,11614.60579956681
2013,38,North Dakota,55759.0,698199,82398,11.8,87.2,12382.58631802746
2014,38,North Dakota,59029.0,712548,82264,11.55,86.6,12884.11351396994
2015,38,North Dakota,60557.0,731354,80170,10.96,87.5,13358.39512536357
2016,38,North Dakota,60656.0,731759,78464,10.72,87.2,13766.72127322115
2017,38,North Dakota,61843.0,729355,75279,10.32,88.1,13783.35603109364
2018,38,North Dakota,63837.0,736671,78676,10.68,88.3,14033.09166849664
2019,38,North Dakota,64577.0,738814,78112,10.57,89.0,14252.46131600465
2010,39,Ohio,45090.0,11224969,1779032,15.85,80.0,11394.9514568254
2011,39,Ohio,45749.0,11234071,1845800,16.43,81.0,11322.6841152164
2012,39,Ohio,46829.0,11227482,1824628,16.25,82.2,11275.76307231103
2013,39,Ohio,48081.0,11248753,1796942,15.97,81.8,11434.38496999323
2014,39,Ohio,49308.0,11276403,1785780,15.84,80.7,11729.65320064239
2015,39,Ohio,51075.0,11295340,1674415,14.82,83.5,11933.10061896148
2016,39,Ohio,52334.0,11287401,1645382,14.58,84.2,12568.68835413179
2017,39,Ohio,54021.0,11330762,1582931,13.97,82.1,12893.36919465454
2018,39,Ohio,56111.0,11362304,1578673,13.89,82.0,13432.67110596888
2019,39,Ohio,58642.0,11362386,1484862,13.07,84.4,13728.62534270448
2010,40,Oklahoma,42072.0,3646849,616610,16.91,,7631.379245080018
2011,40,Oklahoma,43225.0,3678924,633298,17.21,,7762.831811085091
2012,40,Oklahoma,44312.0,3699653,637429,17.23,84.8,7913.929592877622
2013,40,Oklahoma,45690.0,3735207,626906,16.78,82.7,7994.520379908718
2014,40,Oklahoma,47529.0,3759517,623840,16.59,82.5,8075.465818265794
2015,40,Oklahoma,48568.0,3795764,610828,16.09,81.6,8090.954131896235
2016,40,Oklahoma,49176.0,3809431,620377,16.29,82.6,7920.994061129581
2017,40,Oklahoma,50051.0,3814990,603864,15.83,81.8,8173.629316694767
2018,40,Oklahoma,51924.0,3825027,596949,15.61,84.9,9203.377160386955
2019,40,Oklahoma,54449.0,3841763,583029,15.18,80.8,9395.308404348894
2010,41,Oregon,46560.0,3765919,596408,15.84,68.0,9515.854094827586
2011,41,Oregon,46816.0,3794213,662283,17.46,68.0,9484.68333075212
2012,41,Oregon,49161.0,3826398,658359,17.21,68.7,9571.771653710926
2013,41,Oregon,50251.0,3852871,642138,16.67,72.0,9958.542491773907
2014,41,Oregon,51075.0,3893475,644450,16.55,73.8,10456.77029623881
2015,41,Oregon,54148.0,3952077,607029,15.36,74.8,10823.20939544454
2016,41,Oregon,57532.0,4016520,536146,13.35,76.7,11252.03798447872
2017,41,Oregon,60212.0,4064467,537974,13.24,78.7,11902.7938827314
2018,41,Oregon,63426.0,4113142,516570,12.56,80.0,12457.04774207966
2019,41,Oregon,67058.0,4136542,470643,11.38,82.6,12838.05409663595
2010,42,Pennsylvania,49288.0,12298955,1648184,13.4,83.0,13096.19844932537
2011,42,Pennsylvania,50228.0,12328566,1695996,13.76,84.0,13091.48898467028
2012,42,Pennsylvania,51230.0,12353867,1693285,13.71,85.5,13445.16628044704
2013,42,Pennsylvania,52007.0,12353256,1690405,13.68,85.3,13824.095841243
2014,42,Pennsylvania,53234.0,12371337,1682212,13.6,84.8,14404.86888294821
2015,42,Pennsylvania,55702.0,12385716,1629995,13.16,86.1,15165.31666622026
2016,42,Pennsylvania,56907.0,12368256,1592045,12.87,86.6,15781.85438759083
2017,42,Pennsylvania,59195.0,12398112,1548720,12.49,85.9,16376.78336457593
2018,42,Pennsylvania,60905.0,12394000,1517870,12.25,86.5,16891.58338923373
2019,42,Pennsylvania,63463.0,12387178,1489333,12.02,87.4,17171.60148552714
2010,44,Rhode Island,52254.0,1012200,142188,14.05,77.0,14947.63824386444
2011,44,Rhode Island,53636.0,1009941,148819,14.74,77.0,15172.48508267182
2012,44,Rhode Island,54554.0,1010449,138907,13.75,79.7,14889.02525248981
2013,44,Rhode Island,55902.0,1010827,144446,14.29,80.8,15372.20606585545
2014,44,Rhode Island,54891.0,1015655,145596,14.34,83.2,15796.71254376263
2015,44,Rhode Island,58073.0,1016343,141035,13.88,82.8,16082.40743166166
2016,44,Rhode Island,60596.0,1015892,129932,12.79,84.1,16619.50410130145
2017,44,Rhode Island,63870.0,1018556,118367,11.62,84.0,16953.80234908953
2018,44,Rhode Island,64340.0,1016469,131205,12.91,83.9,17538.83428149139
2019,44,Rhode Island,71169.0,1018586,110244,10.82,83.6,17724.9365130227
2010,45,South Carolina,42018.0,4493865,815755,18.15,74.0,8907.61597629223
2011,45,South Carolina,42367.0,4538298,856938,18.88,75.0,9102.310107730347
2012,45,South Carolina,43107.0,4585454,837770,18.27,77.6,9443.517178035812
2013,45,South Carolina,44163.0,4631801,860380,18.58,80.1,9607.628071620062
2014,45,South Carolina,45238.0,4691589,843860,17.99,80.3,9830.74086577672
2015,45,South Carolina,47238.0,4750144,790715,16.65,82.6,10120.23768717266
2016,45,South Carolina,49501.0,4820419,735960,15.27,83.6,10424.7975636953
2017,45,South Carolina,50570.0,4882720,751907,15.4,81.0,10704.55930043073
2018,45,South Carolina,52306.0,4944754,755215,15.27,81.1,10994.24795423636
2019,45,South Carolina,56227.0,5003235,692744,13.85,82.2,11168.33098862722
2010,46,South Dakota,45904.0,788226,113760,14.43,83.0,8931.42835849296
2011,46,South Dakota,48321.0,794872,110681,13.92,83.0,8593.4595831771
2012,46,South Dakota,48362.0,804310,107846,13.41,82.7,8629.726153704654
2013,46,South Dakota,48947.0,815049,115454,14.17,82.7,9035.99369699748
2014,46,South Dakota,50979.0,824373,116843,14.17,83.9,9103.130201443177
2015,46,South Dakota,53017.0,829644,114071,13.75,83.9,9335.117941498513
2016,46,South Dakota,54467.0,837292,110962,13.25,83.7,10117.43038253291
2017,46,South Dakota,56521.0,838991,109099,13.0,84.1,10263.46870261132
2018,46,South Dakota,56274.0,852419,111626,13.1,84.1,10325.09454218385
2019,46,South Dakota,59533.0,854648,101946,11.93,84.2,10392.37557252999
2010,47,Tennessee,41461.0,6195120,1095466,17.68,86.0,8330.15015261965
2011,47,Tennessee,41693.0,6246380,1142299,18.29,87.0,8348.14690710048
2012,47,Tennessee,42764.0,6295994,1129330,17.94,86.3,8587.52815411436
2013,47,Tennessee,44297.0,6335295,1126772,17.79,87.2,8662.444429906316
2014,47,Tennessee,44361.0,6386663,1171307,18.34,87.9,8776.078498204375
2015,47,Tennessee,47275.0,6440381,1077900,16.74,88.5,8876.032263155003
2016,47,Tennessee,48547.0,6489032,1023177,15.77,89.8,9246.172114157684
2017,47,Tennessee,51340.0,6555389,980284,14.95,90.0,9599.412760100882
2018,47,Tennessee,52375.0,6603013,1011016,15.31,90.5,9941.45570073758
2019,47,Tennessee,56071.0,6656385,922176,13.85,90.4,9974.133263167852
2010,48,Texas,48615.0,24652927,4414481,17.91,86.0,8684.515091126616
2011,48,Texas,49392.0,25071125,4628758,18.46,88.0,8212.75180413041
2012,48,Texas,50740.0,25450518,4562352,17.93,88.0,8284.533382214127
2013,48,Texas,51704.0,25834229,4530039,17.54,88.3,8601.696307431046
2014,48,Texas,53035.0,26340247,4523708,17.17,89.0,9081.028802592398
2015,48,Texas,55653.0,26846203,4255517,15.85,89.1,9351.674570124516
2016,48,Texas,56565.0,27236443,4261337,15.65,89.7,9519.674429553976
2017,48,Texas,59206.0,27676343,4076905,14.73,90.0,9651.958044122746
2018,48,Texas,60629.0,28074573,4180675,14.89,90.0,9868.208408400453
2019,48,Texas,64034.0,28361423,3865010,13.63,,10393.91559574029
2010,49,Utah,54744.0,2730176,359242,13.16,76.0,6439.999221107975
2011,49,Utah,55869.0,2771344,374859,13.53,80.0,6311.886969968205
2012,49,Utah,57049.0,2806020,360017,12.83,83.0,6432.203918608007
2013,49,Utah,59770.0,2851587,361181,12.67,83.9,6545.689521808713
2014,49,Utah,60922.0,2897762,339900,11.73,84.8,6751.149923612716
2015,49,Utah,62912.0,2947861,331854,11.26,85.2,7006.483664932779
2016,49,Utah,65977.0,3004148,306902,10.22,86.0,7206.284784351645
2017,49,Utah,68358.0,3052633,296557,9.71,87.0,7576.209655021743
2018,49,Utah,71414.0,3110944,280773,9.03,87.4,7950.006280362347
2019,49,Utah,75780.0,3157996,281279,8.91,88.2,8286.64311356606
2010,50,Vermont,49406.0,600850,76352,12.71,87.0,14707.17374919986
2011,50,Vermont,52776.0,601236,69075,11.49,88.0,16651.38847488544
2012,50,Vermont,52977.0,601611,71084,11.82,86.6,17285.86606266179
2013,50,Vermont,52578.0,602538,74058,12.29,87.8,18065.79923328448
2014,50,Vermont,54166.0,601819,73149,12.15,87.7,18768.76959375107
2015,50,Vermont,56990.0,600659,61314,10.21,87.7,19022.52288712357
2016,50,Vermont,57677.0,600077,71329,11.89,89.1,19480.49008232686
2017,50,Vermont,57513.0,599862,67841,11.31,85.1,20219.28167174081
2018,50,Vermont,60782.0,601261,66013,10.98,84.5,21217.42304246962
2019,50,Vermont,63001.0,599030,60897,10.17,83.1,22124.23932963727
2010,51,Virginia,60674.0,7780635,861969,11.08,82.0,10362.82774164163
2011,51,Virginia,61882.0,7854282,905914,11.53,83.0,10655.66168475128
2012,51,Virginia,61741.0,7936903,931805,11.74,84.5,10959.68001744877
2013,51,Virginia,62666.0,8010544,938733,11.72,85.3,10955.38968932153
2014,51,Virginia,64902.0,8080300,953395,11.8,85.7,11234.70693020281
2015,51,Virginia,66262.0,8131328,909346,11.18,86.7,11434.88030290046
2016,51,Virginia,68114.0,8158241,896440,10.99,86.9,11885.26561856559
2017,51,Virginia,71535.0,8221024,874483,10.64,87.5,12223.57579239652
2018,51,Virginia,72577.0,8264095,884647,10.7,87.5,12641.88757429033
2019,51,Virginia,76456.0,8279357,822775,9.94,88.8,12941.31969711922
2010,53,Washington,55631.0,6615922,888718,13.43,76.0,9619.1103432881
2011,53,Washington,56835.0,6687073,929258,13.9,77.0,9604.073292630084
2012,53,Washington,57573.0,6761934,915278,13.54,76.4,9714.494898706278
2013,53,Washington,58405.0,6836262,967282,14.15,78.2,10304.61601456556
2014,53,Washington,61366.0,6927889,913619,13.19,78.2,10683.53092196811
2015,53,Washington,64129.0,7036725,857801,12.19,79.7,11484.19785010533
2016,53,Washington,67106.0,7156306,805691,11.26,79.4,11970.55933271066
2017,53,Washington,70979.0,7273713,802159,11.03,86.7,12985.69906976702
2018,53,Washington,74073.0,7400557,759013,10.26,81.1,14341.84550908754
2019,53,Washington,78687.0,7470152,730240,9.78,83.0,14542.42266912886
2010,54,West Virginia,38218.0,1799960,326507,18.14,78.0,11977.89240982894
2011,54,West Virginia,38482.0,1802655,334885,18.58,79.0,11578.62727047761
2012,54,West Virginia,40196.0,1801131,320055,17.77,81.4,11263.90591568802
2013,54,West Virginia,41253.0,1798266,332347,18.48,84.5,11370.98810142441
2014,54,West Virginia,41059.0,1792949,327764,18.28,86.5,11511.96122863972
2015,54,West Virginia,42019.0,1793096,321583,17.93,89.8,11424.26129564754
2016,54,West Virginia,43385.0,1779919,319063,17.93,89.4,11744.62121195523
2017,54,West Virginia,43469.0,1762467,336301,19.08,90.2,11571.6837210669
2018,54,West Virginia,44097.0,1753476,312188,17.8,91.3,12269.25292936681
2019,54,West Virginia,48850.0,1739050,278734,16.03,92.1,12647.11156569988
2010,55,Wisconsin,49001.0,5535803,731479,13.21,87.0,11947.10549695513
2011,55,Wisconsin,50395.0,5554349,725797,13.07,88.0,11233.2237273265
2012,55,Wisconsin,51059.0,5573134,737356,13.23,88.0,11185.51945128354
2013,55,Wisconsin,51467.0,5593197,755551,13.51,88.6,11345.1636410213
2014,55,Wisconsin,52622.0,5603486,738270,13.18,88.4,11537.728162381
2015,55,Wisconsin,55638.0,5620223,677964,12.06,88.2,11664.02459552892
2016,55,Wisconsin,56811.0,5628565,661565,11.75,88.6,12103.83240208599
2017,55,Wisconsin,59305.0,5645194,639564,11.33,89.7,12445.52108328405
2018,55,Wisconsin,60773.0,5665153,625826,11.05,90.1,12689.97378548246
2019,55,Wisconsin,64168.0,5675557,591486,10.42,90.4,12793.52581599252
2010,56,Wyoming,53512.0,551120,61577,11.17,80.0,15814.67487305913
2011,56,Wyoming,56322.0,554314,62629,11.3,79.0,15987.94489902993
2012,56,Wyoming,54901.0,561445,71019,12.65,77.0,15814.85328541756
2013,56,Wyoming,58752.0,569307,62039,10.9,78.6,15903.39006484635
2014,56,Wyoming,57055.0,570149,63774,11.19,79.3,16047.41215303985
2015,56,Wyoming,60214.0,572319,63425,11.08,80.0,16431.27875671738
2016,56,Wyoming,59882.0,571169,64663,11.32,86.2,16512.85863863226
2017,56,Wyoming,60434.0,565242,64054,11.33,81.7,16134.00726728766
2018,56,Wyoming,61584.0,563374,62301,11.06,82.1,16227.51164738689
2019,56,Wyoming,65003.0,563528,56945,10.11,82.3,16665.12495772385
