year,state_fips,state_name,median_hh_income,poverty_population,poverty_below,poverty_rate
2010,01,Alabama,40474.0,4666970,888290,19.03
2011,01,Alabama,41415.0,4687363,892483,19.04
2012,01,Alabama,41574.0,4706978,892564,18.96
2013,01,Alabama,42849.0,4716105,883371,18.73
2014,01,Alabama,42830.0,4727549,910175,19.25
2015,01,Alabama,44765.0,4736333,876016,18.5
2016,01,Alabama,46257.0,4741329,810231,17.09
2017,01,Alabama,48123.0,4752560,802656,16.89
2018,01,Alabama,49861.0,4763828,800422,16.8
2019,01,Alabama,51734.0,4781688,739108,15.46
2010,02,Alaska,64576.0,696822,69279,9.94
2011,02,Alaska,67825.0,706860,73905,10.46
2012,02,Alaska,67712.0,715608,72400,10.12
2013,02,Alaska,72237.0,718359,67016,9.33
2014,02,Alaska,71583.0,717723,80627,11.23
2015,02,Alaska,73355.0,720765,74532,10.34
2016,02,Alaska,76440.0,723968,71566,9.89
2017,02,Alaska,73181.0,720472,80012,11.11
2018,02,Alaska,74346.0,720869,78620,10.91
2019,02,Alaska,75463.0,713725,71938,10.08
2010,04,Arizona,46789.0,6272686,1094249,17.44
2011,04,Arizona,46709.0,6336449,1203501,18.99
2012,04,Arizona,47826.0,6401273,1194506,18.66
2013,04,Arizona,48510.0,6477191,1206460,18.63
2014,04,Arizona,50068.0,6573369,1199061,18.24
2015,04,Arizona,51492.0,6671705,1159043,17.37
2016,04,Arizona,53558.0,6771098,1107464,16.36
2017,04,Arizona,56581.0,6856067,1018935,14.86
2018,04,Arizona,59246.0,7013444,983499,14.02
2019,04,Arizona,62055.0,7116266,958442,13.47
2010,05,Arkansas,38307.0,2839798,534898,18.84
2011,05,Arkansas,38758.0,2856663,555876,19.46
2012,05,Arkansas,40112.0,2865098,568065,19.83
2013,05,Arkansas,40511.0,2873340,565469,19.68
2014,05,Arkansas,41262.0,2882856,543882,18.87
2015,05,Arkansas,41995.0,2887337,550508,19.07
2016,05,Arkansas,44334.0,2898630,499225,17.22
2017,05,Arkansas,45869.0,2916321,478365,16.4
2018,05,Arkansas,47062.0,2925448,504504,17.25
2019,05,Arkansas,48952.0,2929117,474739,16.21
2010,06,California,57708.0,36593372,5783043,15.8
2011,06,California,57287.0,36941931,6118803,16.56
2012,06,California,58328.0,37303266,6325319,16.96
2013,06,California,60190.0,37593091,6328824,16.84
2014,06,California,61933.0,38060228,6259098,16.45
2015,06,California,64500.0,38398057,5891678,15.34
2016,06,California,67739.0,38513258,5525524,14.35
2017,06,California,71805.0,38793027,5160208,13.3
2018,06,California,75277.0,38818454,4969326,12.8
2019,06,California,80440.0,38733295,4552837,11.75
2010,08,Colorado,54046.0,4934178,659786,13.37
2011,08,Colorado,55387.0,5002128,674195,13.48
2012,08,Colorado,56765.0,5069071,694842,13.71
2013,08,Colorado,58823.0,5151461,667446,12.96
2014,08,Colorado,61303.0,5237149,630786,12.04
2015,08,Colorado,63909.0,5339618,613549,11.49
2016,08,Colorado,65685.0,5420327,598736,11.05
2017,08,Colorado,69117.0,5483104,564312,10.29
2018,08,Colorado,71953.0,5577020,537492,9.64
2019,08,Colorado,77127.0,5637904,526979,9.35
2010,09,Connecticut,64032.0,3466977,350145,10.1
2011,09,Connecticut,65753.0,3471802,377856,10.88
2012,09,Connecticut,67276.0,3484178,372390,10.69
2013,09,Connecticut,67098.0,3485353,373900,10.73
2014,09,Connecticut,70048.0,3485629,374772,10.75
2015,09,Connecticut,71346.0,3480932,366909,10.54
2016,09,Connecticut,73433.0,3469514,339128,9.77
2017,09,Connecticut,74168.0,3482584,334128,9.59
2018,09,Connecticut,76348.0,3468263,361377,10.42
2019,09,Connecticut,78833.0,3460446,347149,10.03
2010,10,Delaware,55847.0,874321,103427,11.83
2011,10,Delaware,58814.0,882353,104831,11.88
2012,10,Delaware,58415.0,890738,107307,12.05
2013,10,Delaware,57846.0,900322,111327,12.37
2014,10,Delaware,59716.0,909611,113508,12.48
2015,10,Delaware,61255.0,920355,114360,12.43
2016,10,Delaware,61757.0,926864,108211,11.67
2017,10,Delaware,62852.0,934947,126986,13.58
2018,10,Delaware,64805.0,940786,117242,12.46
2019,10,Delaware,70176.0,944955,106383,11.26
2010,12,Florida,44409.0,18436788,3047343,16.53
2011,12,Florida,44299.0,18652057,3173456,17.01
2012,12,Florida,45040.0,18912479,3238581,17.12
2013,12,Florida,46036.0,19129950,3253333,17.01
2014,12,Florida,47463.0,19470210,3211615,16.5
2015,12,Florida,49426.0,19850054,3116886,15.7
2016,12,Florida,50860.0,20191342,2973512,14.73
2017,12,Florida,52594.0,20569920,2889506,14.05
2018,12,Florida,55462.0,20882651,2840977,13.6
2019,12,Florida,59227.0,21048884,2664772,12.66
2010,13,Georgia,46430.0,9446906,1688932,17.88
2011,13,Georgia,46007.0,9550271,1827743,19.14
2012,13,Georgia,47209.0,9652596,1848533,19.15
2013,13,Georgia,47829.0,9720914,1843768,18.97
2014,13,Georgia,49321.0,9823859,1797969,18.3
2015,13,Georgia,51244.0,9943145,1694988,17.05
2016,13,Georgia,53559.0,10040201,1603013,15.97
2017,13,Georgia,56183.0,10154747,1517702,14.95
2018,13,Georgia,58756.0,10238658,1468642,14.34
2019,13,Georgia,61980.0,10332523,1373909,13.3
2010,15,Hawaii,63030.0,1326373,142185,10.72
2011,15,Hawaii,61821.0,1338543,161290,12.05
2012,15,Hawaii,66259.0,1356822,157243,11.59
2013,15,Hawaii,68020.0,1367662,148368,10.85
2014,15,Hawaii,69592.0,1379804,156729,11.36
2015,15,Hawaii,73486.0,1394121,147984,10.61
2016,15,Hawaii,74511.0,1389442,129569,9.33
2017,15,Hawaii,77765.0,1388550,132549,9.55
2018,15,Hawaii,80212.0,1382448,122143,8.84
2019,15,Hawaii,83102.0,1379078,128722,9.33
2010,16,Idaho,43490.0,1541860,242272,15.71
2011,16,Idaho,43341.0,1550082,255027,16.45
2012,16,Idaho,45489.0,1565511,248494,15.87
2013,16,Idaho,46783.0,1582911,246550,15.58
2014,16,Idaho,47861.0,1603083,237981,14.85
2015,16,Idaho,48275.0,1622116,245551,15.14
2016,16,Idaho,51807.0,1652592,237445,14.37
2017,16,Idaho,52225.0,1686491,216309,12.83
2018,16,Idaho,55583.0,1723154,203264,11.8
2019,16,Idaho,60999.0,1753946,195984,11.17
2010,17,Illinois,52972.0,12543457,1731711,13.81
2011,17,Illinois,53234.0,12566914,1879965,14.96
2012,17,Illinois,55137.0,12573676,1850562,14.72
2013,17,Illinois,56210.0,12576680,1845393,14.67
2014,17,Illinois,57444.0,12571848,1804535,14.35
2015,17,Illinois,59588.0,12559422,1703258,13.56
2016,17,Illinois,60960.0,12502057,1621508,12.97
2017,17,Illinois,62992.0,12503720,1569753,12.55
2018,17,Illinois,65030.0,12447271,1509247,12.13
2019,17,Illinois,69187.0,12373209,1420542,11.48
2010,18,Indiana,44613.0,6294417,962775,15.3
2011,18,Indiana,46438.0,6318942,1011017,16.0
2012,18,Indiana,46974.0,6342423,990325,15.61
2013,18,Indiana,47529.0,6367890,1015127,15.94
2014,18,Indiana,49446.0,6391460,974218,15.24
2015,18,Indiana,50532.0,6417418,933181,14.54
2016,18,Indiana,52314.0,6432804,906077,14.09
2017,18,Indiana,54181.0,6463636,871247,13.48
2018,18,Indiana,55746.0,6489261,852638,13.14
2019,18,Indiana,57603.0,6517430,775823,11.9
2010,19,Iowa,47961.0,2950251,370507,12.56
2011,19,Iowa,49427.0,2963602,378864,12.78
2012,19,Iowa,50957.0,2974225,377484,12.69
2013,19,Iowa,52229.0,2991670,379127,12.67
2014,19,Iowa,53712.0,3004857,367816,12.24
2015,19,Iowa,54736.0,3021823,367414,12.16
2016,19,Iowa,56247.0,3031338,356378,11.76
2017,19,Iowa,58570.0,3044685,326636,10.73
2018,19,Iowa,59955.0,3055939,343504,11.24
2019,19,Iowa,61691.0,3058938,341613,11.17
2010,20,Kansas,48257.0,2775355,377530,13.6
2011,20,Kansas,48964.0,2786855,383467,13.76
2012,20,Kansas,50241.0,2802207,391734,13.98
2013,20,Kansas,50972.0,2811722,393358,13.99
2014,20,Kansas,52504.0,2821431,382712,13.56
2015,20,Kansas,53906.0,2830943,368879,13.03
2016,20,Kansas,54935.0,2825864,342544,12.12
2017,20,Kansas,56422.0,2827376,336487,11.9
2018,20,Kansas,58218.0,2825680,338175,11.97
2019,20,Kansas,62087.0,2826818,323189,11.43
2010,21,Kentucky,40062.0,4215643,800226,18.98
2011,21,Kentucky,41141.0,4238283,811277,19.14
2012,21,Kentucky,41724.0,4247103,823197,19.38
2013,21,Kentucky,43399.0,4266556,800635,18.77
2014,21,Kentucky,42958.0,4275359,817542,19.12
2015,21,Kentucky,45215.0,4290022,794055,18.51
2016,21,Kentucky,46659.0,4298953,794060,18.47
2017,21,Kentucky,48375.0,4316917,744239,17.24
2018,21,Kentucky,50247.0,4326305,730408,16.88
2019,21,Kentucky,52295.0,4326675,703627,16.26
2010,22,Louisiana,42505.0,4413890,825144,18.69
2011,22,Louisiana,41734.0,4445400,908375,20.43
2012,22,Louisiana,42944.0,4471142,891981,19.95
2013,22,Louisiana,44164.0,4494989,888019,19.76
2014,22,Louisiana,44555.0,4518525,896524,19.84
2015,22,Louisiana,45727.0,4541688,889946,19.6
2016,22,Louisiana,45146.0,4546017,918187,20.2
2017,22,Louisiana,46145.0,4553037,899039,19.75
2018,22,Louisiana,47905.0,4529028,843626,18.63
2019,22,Louisiana,51073.0,4515876,857894,19.0
2010,23,Maine,45815.0,1293012,167242,12.93
2011,23,Maine,46033.0,1291650,182448,14.13
2012,23,Maine,46709.0,1293457,189786,14.67
2013,23,Maine,46974.0,1293827,180639,13.96
2014,23,Maine,49462.0,1294009,182791,14.13
2015,23,Maine,51494.0,1292996,172620,13.35
2016,23,Maine,53079.0,1295971,161749,12.48
2017,23,Maine,56277.0,1301216,144012,11.07
2018,23,Maine,55602.0,1301941,151541,11.64
2019,23,Maine,58924.0,1304100,141803,10.87
2010,24,Maryland,68854.0,5643821,557140,9.87
2011,24,Maryland,70004.0,5685412,571887,10.06
2012,24,Maryland,71122.0,5744445,590803,10.28
2013,24,Maryland,72483.0,5788159,585571,10.12
2014,24,Maryland,73971.0,5835377,589818,10.11
2015,24,Maryland,75847.0,5863290,570776,9.73
2016,24,Maryland,78945.0,5875026,567715,9.66
2017,24,Maryland,80776.0,5915309,549171,9.28
2018,24,Maryland,83242.0,5899819,528203,8.95
2019,24,Maryland,86738.0,5898360,532241,9.02
2010,25,Massachusetts,62072.0,6333611,725143,11.45
2011,25,Massachusetts,62859.0,6367148,738514,11.6
2012,25,Massachusetts,65339.0,6414762,762645,11.89
2013,25,Massachusetts,66768.0,6456530,770513,11.93
2014,25,Massachusetts,69160.0,6509672,757235,11.63
2015,25,Massachusetts,70628.0,6558724,752071,11.47
2016,25,Massachusetts,75297.0,6574249,686597,10.44
2017,25,Massachusetts,77385.0,6622444,692201,10.45
2018,25,Massachusetts,79835.0,6665083,663918,9.96
2019,25,Massachusetts,85843.0,6656430,625763,9.4
2010,26,Michigan,45413.0,9656449,1618257,16.76
2011,26,Michigan,45981.0,9656260,1693294,17.54
2012,26,Michigan,46859.0,9663760,1685178,17.44
2013,26,Michigan,48273.0,9669513,1648436,17.05
2014,26,Michigan,49847.0,9686787,1568844,16.2
2015,26,Michigan,51084.0,9698396,1529645,15.77
2016,26,Michigan,52492.0,9702321,1451936,14.96
2017,26,Michigan,54909.0,9730205,1377766,14.16
2018,26,Michigan,56697.0,9774124,1373349,14.05
2019,26,Michigan,59584.0,9772151,1269062,12.99
2010,27,Minnesota,55459.0,5189200,599516,11.55
2011,27,Minnesota,56954.0,5222556,621970,11.91
2012,27,Minnesota,58906.0,5257443,598371,11.38
2013,27,Minnesota,60702.0,5292348,592422,11.19
2014,27,Minnesota,61481.0,5332552,611354,11.46
2015,27,Minnesota,63488.0,5366594,546431,10.18
2016,27,Minnesota,65599.0,5396363,533276,9.88
2017,27,Minnesota,68388.0,5450582,517476,9.49
2018,27,Minnesota,70315.0,5488344,529077,9.64
2019,27,Minnesota,74593.0,5515416,494683,8.97
2010,28,Mississippi,36851.0,2875594,643883,22.39
2011,28,Mississippi,36919.0,2884215,650524,22.55
2012,28,Mississippi,37095.0,2890890,698252,24.15
2013,28,Mississippi,37963.0,2893768,695915,24.05
2014,28,Mississippi,39680.0,2895470,623113,21.52
2015,28,Mississippi,40593.0,2896579,637128,22.0
2016,28,Mississippi,41754.0,2892894,602768,20.84
2017,28,Mississippi,43529.0,2889851,571219,19.77
2018,28,Mississippi,44717.0,2886448,567645,19.67
2019,28,Mississippi,45792.0,2877843,564192,19.6
2010,29,Missouri,44301.0,5817852,888570,15.27
2011,29,Missouri,45247.0,5831530,920118,15.78
2012,29,Missouri,45321.0,5838008,947792,16.23
2013,29,Missouri,46931.0,5861009,931066,15.89
2014,29,Missouri,48363.0,5878658,908628,15.46
2015,29,Missouri,50238.0,5901967,875495,14.83
2016,29,Missouri,51746.0,5911040,826954,13.99
2017,29,Missouri,53578.0,5928516,795732,13.42
2018,29,Missouri,54478.0,5943658,786330,13.23
2019,29,Missouri,57409.0,5953025,770175,12.94
2010,30,Montana,42666.0,964509,140969,14.62
2011,30,Montana,44222.0,974025,144054,14.79
2012,30,Montana,45076.0,980594,152199,15.52
2013,30,Montana,46972.0,990603,163637,16.52
2014,30,Montana,46328.0,997952,153954,15.43
2015,30,Montana,49509.0,1007727,147287,14.62
2016,30,Montana,50027.0,1018105,135638,13.32
2017,30,Montana,53386.0,1024513,127777,12.47
2018,30,Montana,55328.0,1037462,135114,13.02
2019,30,Montana,57153.0,1042682,131882,12.65
2010,31,Nebraska,48408.0,1776166,229923,12.94
2011,31,Nebraska,50296.0,1789275,234710,13.12
2012,31,Nebraska,50723.0,1800904,233973,12.99
2013,31,Nebraska,51440.0,1815565,239433,13.19
2014,31,Nebraska,52686.0,1828121,227310,12.43
2015,31,Nebraska,54996.0,1842682,231321,12.55
2016,31,Nebraska,56927.0,1851069,211453,11.42
2017,31,Nebraska,59970.0,1865038,200909,10.77
2018,31,Nebraska,59566.0,1875342,206341,11.0
2019,31,Nebraska,63229.0,1877629,185761,9.89
2010,32,Nevada,51001.0,2666662,398027,14.93
2011,32,Nevada,48927.0,2684536,426741,15.9
2012,32,Nevada,49760.0,2718565,446840,16.44
2013,32,Nevada,51230.0,2750476,433576,15.76
2014,32,Nevada,51450.0,2800768,426730,15.24
2015,32,Nevada,52431.0,2850472,418243,14.67
2016,32,Nevada,55180.0,2896888,399420,13.79
2017,32,Nevada,58003.0,2954279,384120,13.0
2018,32,Nevada,58646.0,2991978,387327,12.95
2019,32,Nevada,63276.0,3037199,379564,12.5
2010,33,New Hampshire,61042.0,1276614,105786,8.29
2011,33,New Hampshire,62647.0,1279118,112715,8.81
2012,33,New Hampshire,63280.0,1280027,128466,10.04
2013,33,New Hampshire,64230.0,1281181,111495,8.7
2014,33,New Hampshire,66532.0,1287504,117983,9.16
2015,33,New Hampshire,70303.0,1288060,106046,8.23
2016,33,New Hampshire,70936.0,1292255,94289,7.3
2017,33,New Hampshire,73381.0,1298898,99966,7.7
2018,33,New Hampshire,74991.0,1312006,100220,7.64
2019,33,New Hampshire,77933.0,1316495,95711,7.27
2010,34,New Jersey,67681.0,8626524,884789,10.26
2011,34,New Jersey,67458.0,8646606,897376,10.38
2012,34,New Jersey,69667.0,8691673,934943,10.76
2013,34,New Jersey,70165.0,8721010,998549,11.45
2014,34,New Jersey,71919.0,8762159,972903,11.1
2015,34,New Jersey,72222.0,8781575,946114,10.77
2016,34,New Jersey,76126.0,8769487,915913,10.44
2017,34,New Jersey,80088.0,8831200,882673,9.99
2018,34,New Jersey,81740.0,8739304,832133,9.52
2019,34,New Jersey,85751.0,8712974,798262,9.16
2010,35,New Mexico,42090.0,2024716,413851,20.44
2011,35,New Mexico,41963.0,2042530,439914,21.54
2012,35,New Mexico,42558.0,2044778,426245,20.85
2013,35,New Mexico,43872.0,2045402,448461,21.93
2014,35,New Mexico,44803.0,2045525,436153,21.32
2015,35,New Mexico,45382.0,2044431,417834,20.44
2016,35,New Mexico,46748.0,2039449,404463,19.83
2017,35,New Mexico,46744.0,2044187,401755,19.65
2018,35,New Mexico,47169.0,2051759,399456,19.47
2019,35,New Mexico,51945.0,2053305,373230,18.18
2010,36,New York,54148.0,18879810,2821470,14.94
2011,36,New York,55246.0,18954044,3027342,15.97
2012,36,New York,56448.0,19064064,3025016,15.87
2013,36,New York,57369.0,19133973,3055645,15.97
2014,36,New York,58878.0,19228524,3062938,15.93
2015,36,New York,60850.0,19283776,2970032,15.4
2016,36,New York,62909.0,19230198,2832824,14.73
2017,36,New York,64894.0,19337685,2722257,14.08
2018,36,New York,67844.0,19037564,2591391,13.61
2019,36,New York,72108.0,18932499,2467006,13.03
2010,37,North Carolina,43326.0,9304553,1627602,17.49
2011,37,North Carolina,43916.0,9406091,1680963,17.87
2012,37,North Carolina,45150.0,9498993,1713132,18.03
2013,37,North Carolina,45906.0,9588277,1715397,17.89
2014,37,North Carolina,46556.0,9691794,1668686,17.22
2015,37,North Carolina,47830.0,9790073,1607835,16.42
2016,37,North Carolina,50584.0,9886033,1521880,15.39
2017,37,North Carolina,52752.0,10009042,1471339,14.7
2018,37,North Carolina,53855.0,10100431,1417873,14.04
2019,37,North Carolina,57341.0,10199239,1386122,13.59
2010,38,North Dakota,48670.0,651415,84895,13.03
2011,38,North Dakota,51704.0,660473,80882,12.25
2012,38,North Dakota,53585.0,674852,75703,11.22
2013,38,North Dakota,55759.0,698199,82398,11.8
2014,38,North Dakota,59029.0,712548,82264,11.55
2015,38,North Dakota,60557.0,731354,80170,10.96
2016,38,North Dakota,60656.0,731759,78464,10.72
2017,38,North Dakota,61843.0,729355,75279,10.32
2018,38,North Dakota,63837.0,736671,78676,10.68
2019,38,North Dakota,64577.0,738814,78112,10.57
2010,39,Ohio,45090.0,11224969,1779032,15.85
2011,39,Ohio,45749.0,11234071,1845800,16.43
2012,39,Ohio,46829.0,11227482,1824628,16.25
2013,39,Ohio,48081.0,11248753,1796942,15.97
2014,39,Ohio,49308.0,11276403,1785780,15.84
2015,39,Ohio,51075.0,11295340,1674415,14.82
2016,39,Ohio,52334.0,11287401,1645382,14.58
2017,39,Ohio,54021.0,11330762,1582931,13.97
2018,39,Ohio,56111.0,11362304,1578673,13.89
2019,39,Ohio,58642.0,11362386,1484862,13.07
2010,40,Oklahoma,42072.0,3646849,616610,16.91
2011,40,Oklahoma,43225.0,3678924,633298,17.21
2012,40,Oklahoma,44312.0,3699653,637429,17.23
2013,40,Oklahoma,45690.0,3735207,626906,16.78
2014,40,Oklahoma,47529.0,3759517,623840,16.59
2015,40,Oklahoma,48568.0,3795764,610828,16.09
2016,40,Oklahoma,49176.0,3809431,620377,16.29
2017,40,Oklahoma,50051.0,3814990,603864,15.83
2018,40,Oklahoma,51924.0,3825027,596949,15.61
2019,40,Oklahoma,54449.0,3841763,583029,15.18
2010,41,Oregon,46560.0,3765919,596408,15.84
2011,41,Oregon,46816.0,3794213,662283,17.46
2012,41,Oregon,49161.0,3826398,658359,17.21
2013,41,Oregon,50251.0,3852871,642138,16.67
2014,41,Oregon,51075.0,3893475,644450,16.55
2015,41,Oregon,54148.0,3952077,607029,15.36
2016,41,Oregon,57532.0,4016520,536146,13.35
2017,41,Oregon,60212.0,4064467,537974,13.24
2018,41,Oregon,63426.0,4113142,516570,12.56
2019,41,Oregon,67058.0,4136542,470643,11.38
2010,42,Pennsylvania,49288.0,12298955,1648184,13.4
2011,42,Pennsylvania,50228.0,12328566,1695996,13.76
2012,42,Pennsylvania,51230.0,12353867,1693285,13.71
2013,42,Pennsylvania,52007.0,12353256,1690405,13.68
2014,42,Pennsylvania,53234.0,12371337,1682212,13.6
2015,42,Pennsylvania,55702.0,12385716,1629995,13.16
2016,42,Pennsylvania,56907.0,12368256,1592045,12.87
2017,42,Pennsylvania,59195.0,12398112,1548720,12.49
2018,42,Pennsylvania,60905.0,12394000,1517870,12.25
2019,42,Pennsylvania,63463.0,12387178,1489333,12.02
2010,44,Rhode Island,52254.0,1012200,142188,14.05
2011,44,Rhode Island,53636.0,1009941,148819,14.74
2012,44,Rhode Island,54554.0,1010449,138907,13.75
2013,44,Rhode Island,55902.0,1010827,144446,14.29
2014,44,Rhode Island,54891.0,1015655,145596,14.34
2015,44,Rhode Island,58073.0,1016343,141035,13.88
2016,44,Rhode Island,60596.0,1015892,129932,12.79
2017,44,Rhode Island,63870.0,1018556,118367,11.62
2018,44,Rhode Island,64340.0,1016469,131205,12.91
2019,44,Rhode Island,71169.0,1018586,110244,10.82
2010,45,South Carolina,42018.0,4493865,815755,18.15
2011,45,South Carolina,42367.0,4538298,856938,18.88
2012,45,South Carolina,43107.0,4585454,837770,18.27
2013,45,South Carolina,44163.0,4631801,860380,18.58
2014,45,South Carolina,45238.0,4691589,843860,17.99
2015,45,South Carolina,47238.0,4750144,790715,16.65
2016,45,South Carolina,49501.0,4820419,735960,15.27
2017,45,South Carolina,50570.0,4882720,751907,15.4
2018,45,South Carolina,52306.0,4944754,755215,15.27
2019,45,South Carolina,56227.0,5003235,692744,13.85
2010,46,South Dakota,45904.0,788226,113760,14.43
2011,46,South Dakota,48321.0,794872,110681,13.92
2012,46,South Dakota,48362.0,804310,107846,13.41
2013,46,South Dakota,48947.0,815049,115454,14.17
2014,46,South Dakota,50979.0,824373,116843,14.17
2015,46,South Dakota,53017.0,829644,114071,13.75
2016,46,South Dakota,54467.0,837292,110962,13.25
2017,46,South Dakota,56521.0,838991,109099,13.0
2018,46,South Dakota,56274.0,852419,111626,13.1
2019,46,South Dakota,59533.0,854648,101946,11.93
2010,47,Tennessee,41461.0,6195120,1095466,17.68
2011,47,Tennessee,41693.0,6246380,1142299,18.29
2012,47,Tennessee,42764.0,6295994,1129330,17.94
2013,47,Tennessee,44297.0,6335295,1126772,17.79
2014,47,Tennessee,44361.0,6386663,1171307,18.34
2015,47,Tennessee,47275.0,6440381,1077900,16.74
2016,47,Tennessee,48547.0,6489032,1023177,15.77
2017,47,Tennessee,51340.0,6555389,980284,14.95
2018,47,Tennessee,52375.0,6603013,1011016,15.31
2019,47,Tennessee,56071.0,6656385,922176,13.85
2010,48,Texas,48615.0,24652927,4414481,17.91
2011,48,Texas,49392.0,25071125,4628758,18.46
2012,48,Texas,50740.0,25450518,4562352,17.93
2013,48,Texas,51704.0,25834229,4530039,17.54
2014,48,Texas,53035.0,26340247,4523708,17.17
2015,48,Texas,55653.0,26846203,4255517,15.85
2016,48,Texas,56565.0,27236443,4261337,15.65
2017,48,Texas,59206.0,27676343,4076905,14.73
2018,48,Texas,60629.0,28074573,4180675,14.89
2019,48,Texas,64034.0,28361423,3865010,13.63
2010,49,Utah,54744.0,2730176,359242,13.16
2011,49,Utah,55869.0,2771344,374859,13.53
2012,49,Utah,57049.0,2806020,360017,12.83
2013,49,Utah,59770.0,2851587,361181,12.67
2014,49,Utah,60922.0,2897762,339900,11.73
2015,49,Utah,62912.0,2947861,331854,11.26
2016,49,Utah,65977.0,3004148,306902,10.22
2017,49,Utah,68358.0,3052633,296557,9.71
2018,49,Utah,71414.0,3110944,280773,9.03
2019,49,Utah,75780.0,3157996,281279,8.91
2010,50,Vermont,49406.0,600850,76352,12.71
2011,50,Vermont,52776.0,601236,69075,11.49
2012,50,Vermont,52977.0,601611,71084,11.82
2013,50,Vermont,52578.0,602538,74058,12.29
2014,50,Vermont,54166.0,601819,73149,12.15
2015,50,Vermont,56990.0,600659,61314,10.21
2016,50,Vermont,57677.0,600077,71329,11.89
2017,50,Vermont,57513.0,599862,67841,11.31
2018,50,Vermont,60782.0,601261,66013,10.98
2019,50,Vermont,63001.0,599030,60897,10.17
2010,51,Virginia,60674.0,7780635,861969,11.08
2011,51,Virginia,61882.0,7854282,905914,11.53
2012,51,Virginia,61741.0,7936903,931805,11.74
2013,51,Virginia,62666.0,8010544,938733,11.72
2014,51,Virginia,64902.0,8080300,953395,11.8
2015,51,Virginia,66262.0,8131328,909346,11.18
2016,51,Virginia,68114.0,8158241,896440,10.99
2017,51,Virginia,71535.0,8221024,874483,10.64
2018,51,Virginia,72577.0,8264095,884647,10.7
2019,51,Virginia,76456.0,8279357,822775,9.94
2010,53,Washington,55631.0,6615922,888718,13.43
2011,53,Washington,56835.0,6687073,929258,13.9
2012,53,Washington,57573.0,6761934,915278,13.54
2013,53,Washington,58405.0,6836262,967282,14.15
2014,53,Washington,61366.0,6927889,913619,13.19
2015,53,Washington,64129.0,7036725,857801,12.19
2016,53,Washington,67106.0,7156306,805691,11.26
2017,53,Washington,70979.0,7273713,802159,11.03
2018,53,Washington,74073.0,7400557,759013,10.26
2019,53,Washington,78687.0,7470152,730240,9.78
2010,54,West Virginia,38218.0,1799960,326507,18.14
2011,54,West Virginia,38482.0,1802655,334885,18.58
2012,54,West Virginia,40196.0,1801131,320055,17.77
2013,54,West Virginia,41253.0,1798266,332347,18.48
2014,54,West Virginia,41059.0,1792949,327764,18.28
2015,54,West Virginia,42019.0,1793096,321583,17.93
2016,54,West Virginia,43385.0,1779919,319063,17.93
2017,54,West Virginia,43469.0,1762467,336301,19.08
2018,54,West Virginia,44097.0,1753476,312188,17.8
2019,54,West Virginia,48850.0,1739050,278734,16.03
2010,55,Wisconsin,49001.0,5535803,731479,13.21
2011,55,Wisconsin,50395.0,5554349,725797,13.07
2012,55,Wisconsin,51059.0,5573134,737356,13.23
2013,55,Wisconsin,51467.0,5593197,755551,13.51
2014,55,Wisconsin,52622.0,5603486,738270,13.18
2015,55,Wisconsin,55638.0,5620223,677964,12.06
2016,55,Wisconsin,56811.0,5628565,661565,11.75
2017,55,Wisconsin,59305.0,5645194,639564,11.33
2018,55,Wisconsin,60773.0,5665153,625826,11.05
2019,55,Wisconsin,64168.0,5675557,591486,10.42
2010,56,Wyoming,53512.0,551120,61577,11.17
2011,56,Wyoming,56322.0,554314,62629,11.3
2012,56,Wyoming,54901.0,561445,71019,12.65
2013,56,Wyoming,58752.0,569307,62039,10.9
2014,56,Wyoming,57055.0,570149,63774,11.19
2015,56,Wyoming,60214.0,572319,63425,11.08
2016,56,Wyoming,59882.0,571169,64663,11.32
2017,56,Wyoming,60434.0,565242,64054,11.33
2018,56,Wyoming,61584.0,563374,62301,11.06
2019,56,Wyoming,65003.0,563528,56945,10.11
