year,state_name,per_pupil_spending
2010,Alabama,8725.97101192241
2011,Alabama,8576.869771333335
2012,Alabama,8772.540782958678
2013,Alabama,9036.174200352718
2014,Alabama,9146.460735805547
2015,Alabama,9257.567687879224
2016,Alabama,9527.70292376465
2017,Alabama,9716.658875282175
2018,Alabama,10106.52825138296
2019,Alabama,10140.18446055345
2010,Alaska,16663.16057802943
2011,Alaska,17475.47118558783
2012,Alaska,18217.1470617314
2013,Alaska,18465.91085502199
2014,Alaska,20190.8288101482
2015,Alaska,17509.92235633355
2016,Alaska,17837.58383871867
2017,Alaska,17725.78796887229
2018,Alaska,18393.05793239312
2019,Alaska,18313.10043403501
2010,Arizona,7781.854881404356
2011,Arizona,7383.086411513637
2012,Arizona,7494.629106908124
2013,Arizona,7426.770989936005
2014,Arizona,7590.187653691869
2015,Arizona,7772.177876256597
2016,Arizona,8053.187081755256
2017,Arizona,8372.606504626949
2018,Arizona,8772.758387680156
2019,Arizona,8694.369790915835
2010,Arkansas,9495.962328411952
2011,Arkansas,9536.040390052865
2012,Arkansas,9538.41826405873
2013,Arkansas,9751.590229377178
2014,Arkansas,9804.754396364355
2015,Arkansas,9900.217159217445
2016,Arkansas,10004.04221729993
2017,Arkansas,10167.80989951319
2018,Arkansas,10411.53269290175
2019,Arkansas,10368.66128224065
2010,California,9146.374347372748
2011,California,9220.216166966238
2012,California,9258.49863218239
2013,California,9671.240259872957
2014,California,10448.71098693459
2015,California,11420.47367021103
2016,California,12151.22120105789
2017,California,12664.23808306946
2018,California,13641.0689775782
2019,California,13841.18038468597
2010,Colorado,8786.103598176722
2011,Colorado,8594.037505926148
2012,Colorado,8693.048746990658
2013,Colorado,9035.721406751889
2014,Colorado,9291.79464030614
2015,Colorado,9618.789916050502
2016,Colorado,9849.440847098236
2017,Colorado,10238.06052752999
2018,Colorado,11072.01478822559
2019,Colorado,11646.82635347555
2010,Connecticut,16223.53256646199
2011,Connecticut,16854.93382837004
2012,Connecticut,17320.8838723378
2013,Connecticut,18400.65645367997
2014,Connecticut,19019.58626662588
2015,Connecticut,19614.57541552572
2016,Connecticut,19929.37464820844
2017,Connecticut,20147.10854376534
2018,Connecticut,21140.03831313588
2019,Connecticut,20889.13641276328
2010,Delaware,12467.28564252761
2011,Delaware,13580.43458502009
2012,Delaware,13652.7431525429
2013,Delaware,13793.18557640466
2014,Delaware,13881.70984467555
2015,Delaware,14397.11607970515
2016,Delaware,14891.89292843304
2017,Delaware,15281.80430396279
2018,Delaware,15928.69760485532
2019,Delaware,16776.79361109126
2010,Florida,9030.252277888601
2011,Florida,8520.023745238284
2012,Florida,8623.044830511684
2013,Florida,8954.836419376465
2014,Florida,9112.82508422369
2015,Florida,9175.89250399501
2016,Florida,9373.835214611236
2017,Florida,9663.470680237138
2018,Florida,9986.290995009915
2019,Florida,10304.61351825335
2010,Georgia,9258.966260739731
2011,Georgia,9272.097435870046
2012,Georgia,9121.376892467235
2013,Georgia,9235.796607013483
2014,Georgia,9476.126573215312
2015,Georgia,9835.494312946972
2016,Georgia,10273.64915895181
2017,Georgia,10760.22643926809
2018,Georgia,11203.46934589255
2019,Georgia,11685.99565113466
2010,Hawaii,11923.99016152471
2011,Hawaii,11972.67563188949
2012,Hawaii,11789.80372374973
2013,Hawaii,12399.76452830189
2014,Hawaii,12854.7250526362
2015,Hawaii,13748.27352949257
2016,Hawaii,14321.52852106858
2017,Hawaii,15241.99600192438
2018,Hawaii,16131.68587473384
2019,Hawaii,16564.19883702951
2010,Idaho,6821.406889026641
2011,Idaho,6626.419779685786
2012,Idaho,6760.695443661923
2013,Idaho,6577.135454471864
2014,Idaho,6929.383075785963
2015,Idaho,7211.286396124226
2016,Idaho,7554.398926648721
2017,Idaho,7845.773163427251
2018,Idaho,8042.664484319952
2019,Idaho,8336.635594800317
2010,Illinois,11742.14404678788
2011,Illinois,12011.25151875885
2012,Illinois,12443.25177837191
2013,Illinois,13212.84846066957
2014,Illinois,13935.11971619212
2015,Illinois,14327.43567104961
2016,Illinois,15517.21954855091
2017,Illinois,15912.47685190737
2018,Illinois,16280.58542275143
2019,Illinois,17482.71300223384
2010,Indiana,9251.005494484507
2011,Indiana,9587.650506118094
2012,Indiana,9421.411470861914
2013,Indiana,9396.102956410488
2014,Indiana,9529.432238745485
2015,Indiana,9687.672641310257
2016,Indiana,9823.120392893316
2017,Indiana,10033.12419143852
2018,Indiana,10252.08022403965
2019,Indiana,10797.65378524668
2010,Iowa,9794.505245322978
2011,Iowa,10026.70839736221
2012,Iowa,10291.14476466763
2013,Iowa,10646.57272289866
2014,Iowa,10937.57409001585
2015,Iowa,11148.20517151102
2016,Iowa,11456.36135307582
2017,Iowa,11724.03051675296
2018,Iowa,11933.16902762644
2019,Iowa,11985.78332727652
2010,Kansas,9802.279259294479
2011,Kansas,10021.1900729879
2012,Kansas,10011.1096324863
2013,Kansas,10239.65529771976
2014,Kansas,10329.35858428435
2015,Kansas,10216.03480451073
2016,Kansas,10427.6825448521
2017,Kansas,11094.78286339642
2018,Kansas,11327.9174235986
2019,Kansas,11960.43994031685
2010,Kentucky,9227.744833077808
2011,Kentucky,9326.861875666249
2012,Kentucky,9274.098338069405
2013,Kentucky,9411.31233604325
2014,Kentucky,9559.83806923792
2015,Kentucky,9831.156218048991
2016,Kentucky,10083.30873794072
2017,Kentucky,11081.28193862357
2018,Kentucky,11280.48492153533
2019,Kentucky,11370.21745067891
2010,Louisiana,10798.95482501098
2011,Louisiana,10726.31359843046
2012,Louisiana,10539.46695540742
2013,Louisiana,10852.51848582765
2014,Louisiana,11105.53565290179
2015,Louisiana,11168.68682405028
2016,Louisiana,11377.62278564777
2017,Louisiana,11636.08692904137
2018,Louisiana,11920.4784196869
2019,Louisiana,12009.04220207506
2010,Maine,12576.24163171618
2011,Maine,12334.5215511539
2012,Maine,12693.82789828738
2013,Maine,13267.01054919971
2014,Maine,13976.4937972502
2015,Maine,14202.17351731429
2016,Maine,14632.93280779117
2017,Maine,15069.4045923767
2018,Maine,15685.733532453
2019,Maine,16067.10449772867
2010,Maryland,13946.46730680547
2011,Maryland,13875.22326206026
2012,Maryland,14085.63335962347
2013,Maryland,14217.14054532083
2014,Maryland,14430.9136560421
2015,Maryland,14522.56511645621
2016,Maryland,14932.6057371694
2017,Maryland,15154.81301332462
2018,Maryland,15575.74860257329
2019,Maryland,15925.50337143888
2010,Massachusetts,14611.66430261532
2011,Massachusetts,14843.84242197932
2012,Massachusetts,15320.81266227679
2013,Massachusetts,15886.15563035515
2014,Massachusetts,16449.98260280966
2015,Massachusetts,16985.71989448417
2016,Massachusetts,17717.87828896211
2017,Massachusetts,18327.9675380471
2018,Massachusetts,19195.65110147907
2019,Massachusetts,19747.29989764372
2010,Michigan,10577.02318868706
2011,Michigan,10476.51088153631
2012,Michigan,10515.05906247388
2013,Michigan,10648.97911922528
2014,Michigan,10955.77993682384
2015,Michigan,11051.17867625377
2016,Michigan,11255.64480403175
2017,Michigan,11688.15687372312
2018,Michigan,12051.99598057166
2019,Michigan,12322.81025586176
2010,Minnesota,10673.59376853289
2011,Minnesota,10780.76910179127
2012,Minnesota,11064.9771517523
2013,Minnesota,11426.63655956182
2014,Minnesota,11924.40499279661
2015,Minnesota,12363.77387133496
2016,Minnesota,12635.27113977836
2017,Minnesota,12909.69219521235
2018,Minnesota,13296.60439624695
2019,Minnesota,13502.01228835998
2010,Mississippi,7926.147062541027
2011,Mississippi,8097.499342667121
2012,Mississippi,8116.677400992606
2013,Mississippi,8264.557926940677
2014,Mississippi,8444.669644766835
2015,Mississippi,8692.480646551725
2016,Mississippi,8754.562100796853
2017,Mississippi,8909.040560627696
2018,Mississippi,9253.486435333907
2019,Mississippi,9613.844751739263
2010,Missouri,9460.96900980723
2011,Missouri,9513.503927626929
2012,Missouri,9702.315979954243
2013,Missouri,9938.002983813358
2014,Missouri,10231.2206355519
2015,Missouri,10384.5335605515
2016,Missouri,10684.20794719356
2017,Missouri,11034.02049434609
2018,Missouri,11348.99391422106
2019,Missouri,11396.51628396887
2010,Montana,10719.07610114826
2011,Montana,10569.30867094254
2012,Montana,10662.07876396003
2013,Montana,10941.14823526147
2014,Montana,11077.80337226358
2015,Montana,11373.92894253332
2016,Montana,11538.4750059778
2017,Montana,11511.81531905214
2018,Montana,11983.68540888447
2019,Montana,12065.09681357018
2010,Nebraska,11704.0400533158
2011,Nebraska,11492.26963185705
2012,Nebraska,11742.60544636826
2013,Nebraska,11877.31443689324
2014,Nebraska,12173.5278775569
2015,Nebraska,12378.5810059048
2016,Nebraska,12661.5135278232
2017,Nebraska,12812.91580647752
2018,Nebraska,12746.05343268217
2019,Nebraska,12828.83901787175
2010,Nevada,8411.312492994379
2011,Nevada,8130.019898370008
2012,Nevada,8026.228551492349
2013,Nevada,8274.724768774166
2014,Nevada,8450.707175041214
2015,Nevada,8753.413218915699
2016,Nevada,9119.912649025635
2017,Nevada,9040.363553835547
2018,Nevada,9280.382545063334
2019,Nevada,9547.539669251852
2010,New Hampshire,13547.82542331969
2011,New Hampshire,13774.13322042731
2012,New Hampshire,14049.95724279531
2013,New Hampshire,14600.53002522677
2014,New Hampshire,14968.50209563004
2015,New Hampshire,15534.56232972455
2016,New Hampshire,15958.20931736765
2017,New Hampshire,16588.44032591552
2018,New Hampshire,17456.92769545369
2019,New Hampshire,17825.29172731684
2010,New Jersey,16854.52512213486
2011,New Jersey,17981.95300166393
2012,New Jersey,18523.00256084559
2013,New Jersey,18779.84015558693
2014,New Jersey,18558.90182131818
2015,New Jersey,19040.50075132466
2016,New Jersey,19584.83371347987
2017,New Jersey,20316.42423347172
2018,New Jersey,21328.12813011359
2019,New Jersey,21385.04506851323
2010,New Mexico,9249.511061096293
2011,New Mexico,9013.153594780933
2012,New Mexico,9163.586278162144
2013,New Mexico,9402.79480550872
2014,New Mexico,9723.742843711898
2015,New Mexico,9958.925807431768
2016,New Mexico,9948.576281065712
2017,New Mexico,9962.672541835529
2018,New Mexico,10465.82401952407
2019,New Mexico,11617.40605544586
2010,New York,18857.39747089075
2011,New York,19395.91992399947
2012,New York,19529.46736068098
2013,New York,20155.61570713964
2014,New York,20743.58702276571
2015,New York,22231.14673402485
2016,New York,22860.74772912901
2017,New York,23606.26210360253
2018,New York,24882.10250050581
2019,New York,25273.1156497538
2010,North Carolina,8266.814274740795
2011,North Carolina,8159.506577516275
2012,North Carolina,8341.718227947302
2013,North Carolina,8286.509503500327
2014,North Carolina,8529.202665125784
2015,North Carolina,8716.839856589344
2016,North Carolina,8995.169179039289
2017,North Carolina,9311.22399040111
2018,North Carolina,9799.210526010678
2019,North Carolina,9903.141805364181
2010,North Dakota,10898.45851977202
2011,North Dakota,11245.61710669152
2012,North Dakota,11614.60579956681
2013,North Dakota,12382.58631802746
2014,North Dakota,12884.11351396994
2015,North Dakota,13358.39512536357
2016,North Dakota,13766.72127322115
2017,North Dakota,13783.35603109364
2018,North Dakota,14033.09166849664
2019,North Dakota,14252.46131600465
2010,Ohio,11394.9514568254
2011,Ohio,11322.6841152164
2012,Ohio,11275.76307231103
2013,Ohio,11434.38496999323
2014,Ohio,11729.65320064239
2015,Ohio,11933.10061896148
2016,Ohio,12568.68835413179
2017,Ohio,12893.36919465454
2018,Ohio,13432.67110596888
2019,Ohio,13728.62534270448
2010,Oklahoma,7631.379245080018
2011,Oklahoma,7762.831811085091
2012,Oklahoma,7913.929592877622
2013,Oklahoma,7994.520379908718
2014,Oklahoma,8075.465818265794
2015,Oklahoma,8090.954131896235
2016,Oklahoma,7920.994061129581
2017,Oklahoma,8173.629316694767
2018,Oklahoma,9203.377160386955
2019,Oklahoma,9395.308404348894
2010,Oregon,9515.854094827586
2011,Oregon,9484.68333075212
2012,Oregon,9571.771653710926
2013,Oregon,9958.542491773907
2014,Oregon,10456.77029623881
2015,Oregon,10823.20939544454
2016,Oregon,11252.03798447872
2017,Oregon,11902.7938827314
2018,Oregon,12457.04774207966
2019,Oregon,12838.05409663595
2010,Pennsylvania,13096.19844932537
2011,Pennsylvania,13091.48898467028
2012,Pennsylvania,13445.16628044704
2013,Pennsylvania,13824.095841243
2014,Pennsylvania,14404.86888294821
2015,Pennsylvania,15165.31666622026
2016,Pennsylvania,15781.85438759083
2017,Pennsylvania,16376.78336457593
2018,Pennsylvania,16891.58338923373
2019,Pennsylvania,17171.60148552714
2010,Rhode Island,14947.63824386444
2011,Rhode Island,15172.48508267182
2012,Rhode Island,14889.02525248981
2013,Rhode Island,15372.20606585545
2014,Rhode Island,15796.71254376263
2015,Rhode Island,16082.40743166166
2016,Rhode Island,16619.50410130145
2017,Rhode Island,16953.80234908953
2018,Rhode Island,17538.83428149139
2019,Rhode Island,17724.9365130227
2010,South Carolina,8907.61597629223
2011,South Carolina,9102.310107730347
2012,South Carolina,9443.517178035812
2013,South Carolina,9607.628071620062
2014,South Carolina,9830.74086577672
2015,South Carolina,10120.23768717266
2016,South Carolina,10424.7975636953
2017,South Carolina,10704.55930043073
2018,South Carolina,10994.24795423636
2019,South Carolina,11168.33098862722
2010,South Dakota,8931.42835849296
2011,South Dakota,8593.4595831771
2012,South Dakota,8629.726153704654
2013,South Dakota,9035.993696997479
2014,South Dakota,9103.130201443175
2015,South Dakota,9335.117941498513
2016,South Dakota,10117.43038253291
2017,South Dakota,10263.46870261132
2018,South Dakota,10325.09454218385
2019,South Dakota,10392.37557252999
2010,Tennessee,8330.15015261965
2011,Tennessee,8348.14690710048
2012,Tennessee,8587.52815411436
2013,Tennessee,8662.444429906316
2014,Tennessee,8776.078498204375
2015,Tennessee,8876.032263155003
2016,Tennessee,9246.172114157685
2017,Tennessee,9599.412760100882
2018,Tennessee,9941.455700737579
2019,Tennessee,9974.133263167852
2010,Texas,8684.515091126616
2011,Texas,8212.75180413041
2012,Texas,8284.533382214127
2013,Texas,8601.696307431046
2014,Texas,9081.028802592398
2015,Texas,9351.674570124516
2016,Texas,9519.674429553977
2017,Texas,9651.958044122746
2018,Texas,9868.208408400451
2019,Texas,10393.91559574029
2010,Utah,6439.999221107975
2011,Utah,6311.886969968205
2012,Utah,6432.203918608007
2013,Utah,6545.689521808713
2014,Utah,6751.149923612716
2015,Utah,7006.483664932779
2016,Utah,7206.284784351645
2017,Utah,7576.209655021743
2018,Utah,7950.006280362347
2019,Utah,8286.64311356606
2010,Vermont,14707.17374919986
2011,Vermont,16651.38847488544
2012,Vermont,17285.86606266179
2013,Vermont,18065.79923328448
2014,Vermont,18768.76959375107
2015,Vermont,19022.52288712357
2016,Vermont,19480.49008232686
2017,Vermont,20219.28167174081
2018,Vermont,21217.42304246962
2019,Vermont,22124.23932963727
2010,Virginia,10362.82774164163
2011,Virginia,10655.66168475128
2012,Virginia,10959.68001744877
2013,Virginia,10955.38968932153
2014,Virginia,11234.70693020281
2015,Virginia,11434.88030290046
2016,Virginia,11885.26561856559
2017,Virginia,12223.57579239652
2018,Virginia,12641.88757429033
2019,Virginia,12941.31969711922
2010,Washington,9619.110343288101
2011,Washington,9604.073292630084
2012,Washington,9714.494898706278
2013,Washington,10304.61601456556
2014,Washington,10683.53092196811
2015,Washington,11484.19785010533
2016,Washington,11970.55933271066
2017,Washington,12985.69906976702
2018,Washington,14341.84550908754
2019,Washington,14542.42266912886
2010,West Virginia,11977.89240982894
2011,West Virginia,11578.62727047761
2012,West Virginia,11263.90591568802
2013,West Virginia,11370.98810142441
2014,West Virginia,11511.96122863972
2015,West Virginia,11424.26129564754
2016,West Virginia,11744.62121195523
2017,West Virginia,11571.6837210669
2018,West Virginia,12269.25292936681
2019,West Virginia,12647.11156569988
2010,Wisconsin,11947.10549695513
2011,Wisconsin,11233.2237273265
2012,Wisconsin,11185.51945128354
2013,Wisconsin,11345.1636410213
2014,Wisconsin,11537.728162381
2015,Wisconsin,11664.02459552892
2016,Wisconsin,12103.83240208599
2017,Wisconsin,12445.52108328405
2018,Wisconsin,12689.97378548246
2019,Wisconsin,12793.52581599252
2010,Wyoming,15814.67487305913
2011,Wyoming,15987.94489902993
2012,Wyoming,15814.85328541756
2013,Wyoming,15903.39006484635
2014,Wyoming,16047.41215303985
2015,Wyoming,16431.27875671738
2016,Wyoming,16512.85863863226
2017,Wyoming,16134.00726728766
2018,Wyoming,16227.51164738689
2019,Wyoming,16665.12495772385
